year,siteID,miss,miss45
2009,AR-SLu,FALSE,FALSE
2010,AR-SLu,FALSE,FALSE
2011,AR-SLu,FALSE,FALSE
2001,AR-SLu,TRUE,TRUE
2002,AR-SLu,TRUE,TRUE
2003,AR-SLu,TRUE,TRUE
2004,AR-SLu,TRUE,TRUE
2005,AR-SLu,TRUE,TRUE
2006,AR-SLu,TRUE,TRUE
2007,AR-SLu,TRUE,TRUE
2008,AR-SLu,TRUE,TRUE
2012,AR-SLu,TRUE,TRUE
2013,AR-SLu,TRUE,TRUE
2014,AR-SLu,TRUE,TRUE
2009,AR-Vir,TRUE,TRUE
2010,AR-Vir,FALSE,FALSE
2011,AR-Vir,FALSE,FALSE
2012,AR-Vir,FALSE,FALSE
2001,AR-Vir,TRUE,TRUE
2002,AR-Vir,TRUE,TRUE
2003,AR-Vir,TRUE,TRUE
2004,AR-Vir,TRUE,TRUE
2005,AR-Vir,TRUE,TRUE
2006,AR-Vir,TRUE,TRUE
2007,AR-Vir,TRUE,TRUE
2008,AR-Vir,TRUE,TRUE
2013,AR-Vir,TRUE,TRUE
2014,AR-Vir,TRUE,TRUE
2002,AT-Neu,FALSE,FALSE
2003,AT-Neu,FALSE,FALSE
2004,AT-Neu,FALSE,FALSE
2005,AT-Neu,FALSE,FALSE
2006,AT-Neu,FALSE,FALSE
2007,AT-Neu,FALSE,FALSE
2008,AT-Neu,FALSE,FALSE
2009,AT-Neu,FALSE,FALSE
2010,AT-Neu,FALSE,FALSE
2011,AT-Neu,FALSE,FALSE
2012,AT-Neu,FALSE,FALSE
2001,AT-Neu,TRUE,TRUE
2013,AT-Neu,TRUE,TRUE
2014,AT-Neu,TRUE,TRUE
2007,AU-Ade,FALSE,FALSE
2008,AU-Ade,FALSE,FALSE
2009,AU-Ade,FALSE,FALSE
2001,AU-Ade,TRUE,TRUE
2002,AU-Ade,TRUE,TRUE
2003,AU-Ade,TRUE,TRUE
2004,AU-Ade,TRUE,TRUE
2005,AU-Ade,TRUE,TRUE
2006,AU-Ade,TRUE,TRUE
2010,AU-Ade,TRUE,TRUE
2011,AU-Ade,TRUE,TRUE
2012,AU-Ade,TRUE,TRUE
2013,AU-Ade,TRUE,TRUE
2014,AU-Ade,TRUE,TRUE
2010,AU-ASM,FALSE,FALSE
2011,AU-ASM,FALSE,FALSE
2012,AU-ASM,FALSE,FALSE
2013,AU-ASM,FALSE,FALSE
2001,AU-ASM,TRUE,TRUE
2002,AU-ASM,TRUE,TRUE
2003,AU-ASM,TRUE,TRUE
2004,AU-ASM,TRUE,TRUE
2005,AU-ASM,TRUE,TRUE
2006,AU-ASM,TRUE,TRUE
2007,AU-ASM,TRUE,TRUE
2008,AU-ASM,TRUE,TRUE
2009,AU-ASM,TRUE,TRUE
2014,AU-ASM,TRUE,TRUE
2010,AU-Cpr,FALSE,FALSE
2011,AU-Cpr,FALSE,FALSE
2012,AU-Cpr,FALSE,FALSE
2013,AU-Cpr,FALSE,FALSE
2014,AU-Cpr,FALSE,FALSE
2001,AU-Cpr,TRUE,TRUE
2002,AU-Cpr,TRUE,TRUE
2003,AU-Cpr,TRUE,TRUE
2004,AU-Cpr,TRUE,TRUE
2005,AU-Cpr,TRUE,TRUE
2006,AU-Cpr,TRUE,TRUE
2007,AU-Cpr,TRUE,TRUE
2008,AU-Cpr,TRUE,TRUE
2009,AU-Cpr,TRUE,TRUE
2012,AU-Cum,FALSE,FALSE
2013,AU-Cum,FALSE,FALSE
2014,AU-Cum,FALSE,FALSE
2001,AU-Cum,TRUE,TRUE
2002,AU-Cum,TRUE,TRUE
2003,AU-Cum,TRUE,TRUE
2004,AU-Cum,TRUE,TRUE
2005,AU-Cum,TRUE,TRUE
2006,AU-Cum,TRUE,TRUE
2007,AU-Cum,TRUE,TRUE
2008,AU-Cum,TRUE,TRUE
2009,AU-Cum,TRUE,TRUE
2010,AU-Cum,TRUE,TRUE
2011,AU-Cum,TRUE,TRUE
2007,AU-DaP,FALSE,FALSE
2008,AU-DaP,FALSE,FALSE
2009,AU-DaP,FALSE,FALSE
2010,AU-DaP,FALSE,FALSE
2011,AU-DaP,FALSE,FALSE
2012,AU-DaP,FALSE,FALSE
2013,AU-DaP,FALSE,FALSE
2001,AU-DaP,TRUE,TRUE
2002,AU-DaP,TRUE,TRUE
2003,AU-DaP,TRUE,TRUE
2004,AU-DaP,TRUE,TRUE
2005,AU-DaP,TRUE,TRUE
2006,AU-DaP,TRUE,TRUE
2014,AU-DaP,TRUE,TRUE
2008,AU-DaS,FALSE,FALSE
2009,AU-DaS,FALSE,FALSE
2010,AU-DaS,FALSE,FALSE
2011,AU-DaS,FALSE,FALSE
2012,AU-DaS,FALSE,FALSE
2013,AU-DaS,FALSE,FALSE
2014,AU-DaS,FALSE,FALSE
2001,AU-DaS,TRUE,TRUE
2002,AU-DaS,TRUE,TRUE
2003,AU-DaS,TRUE,TRUE
2004,AU-DaS,TRUE,TRUE
2005,AU-DaS,TRUE,TRUE
2006,AU-DaS,TRUE,TRUE
2007,AU-DaS,TRUE,TRUE
2008,AU-Dry,FALSE,FALSE
2009,AU-Dry,FALSE,FALSE
2010,AU-Dry,FALSE,FALSE
2011,AU-Dry,FALSE,FALSE
2012,AU-Dry,FALSE,FALSE
2013,AU-Dry,FALSE,FALSE
2014,AU-Dry,FALSE,FALSE
2001,AU-Dry,TRUE,TRUE
2002,AU-Dry,TRUE,TRUE
2003,AU-Dry,TRUE,TRUE
2004,AU-Dry,TRUE,TRUE
2005,AU-Dry,TRUE,TRUE
2006,AU-Dry,TRUE,TRUE
2007,AU-Dry,TRUE,TRUE
2011,AU-Emr,FALSE,FALSE
2012,AU-Emr,FALSE,FALSE
2013,AU-Emr,FALSE,FALSE
2001,AU-Emr,TRUE,TRUE
2002,AU-Emr,TRUE,TRUE
2003,AU-Emr,TRUE,TRUE
2004,AU-Emr,TRUE,TRUE
2005,AU-Emr,TRUE,TRUE
2006,AU-Emr,TRUE,TRUE
2007,AU-Emr,TRUE,TRUE
2008,AU-Emr,TRUE,TRUE
2009,AU-Emr,TRUE,TRUE
2010,AU-Emr,TRUE,TRUE
2014,AU-Emr,TRUE,TRUE
2006,AU-Fog,FALSE,FALSE
2007,AU-Fog,FALSE,FALSE
2008,AU-Fog,FALSE,FALSE
2001,AU-Fog,TRUE,TRUE
2002,AU-Fog,TRUE,TRUE
2003,AU-Fog,TRUE,TRUE
2004,AU-Fog,TRUE,TRUE
2005,AU-Fog,TRUE,TRUE
2009,AU-Fog,TRUE,TRUE
2010,AU-Fog,TRUE,TRUE
2011,AU-Fog,TRUE,TRUE
2012,AU-Fog,TRUE,TRUE
2013,AU-Fog,TRUE,TRUE
2014,AU-Fog,TRUE,TRUE
2011,AU-Gin,FALSE,FALSE
2012,AU-Gin,FALSE,FALSE
2013,AU-Gin,FALSE,FALSE
2014,AU-Gin,FALSE,FALSE
2001,AU-Gin,TRUE,TRUE
2002,AU-Gin,TRUE,TRUE
2003,AU-Gin,TRUE,TRUE
2004,AU-Gin,TRUE,TRUE
2005,AU-Gin,TRUE,TRUE
2006,AU-Gin,TRUE,TRUE
2007,AU-Gin,TRUE,TRUE
2008,AU-Gin,TRUE,TRUE
2009,AU-Gin,TRUE,TRUE
2010,AU-Gin,TRUE,TRUE
2013,AU-GWW,FALSE,FALSE
2014,AU-GWW,FALSE,FALSE
2001,AU-GWW,TRUE,TRUE
2002,AU-GWW,TRUE,TRUE
2003,AU-GWW,TRUE,TRUE
2004,AU-GWW,TRUE,TRUE
2005,AU-GWW,TRUE,TRUE
2006,AU-GWW,TRUE,TRUE
2007,AU-GWW,TRUE,TRUE
2008,AU-GWW,TRUE,TRUE
2009,AU-GWW,TRUE,TRUE
2010,AU-GWW,TRUE,TRUE
2011,AU-GWW,TRUE,TRUE
2012,AU-GWW,TRUE,TRUE
2001,AU-How,FALSE,FALSE
2002,AU-How,FALSE,FALSE
2003,AU-How,FALSE,FALSE
2004,AU-How,FALSE,FALSE
2005,AU-How,FALSE,FALSE
2006,AU-How,FALSE,FALSE
2007,AU-How,FALSE,FALSE
2008,AU-How,FALSE,FALSE
2009,AU-How,FALSE,FALSE
2010,AU-How,FALSE,FALSE
2011,AU-How,FALSE,FALSE
2012,AU-How,FALSE,FALSE
2013,AU-How,FALSE,FALSE
2014,AU-How,FALSE,FALSE
2008,AU-Lox,FALSE,FALSE
2009,AU-Lox,FALSE,FALSE
2001,AU-Lox,TRUE,TRUE
2002,AU-Lox,TRUE,TRUE
2003,AU-Lox,TRUE,TRUE
2004,AU-Lox,TRUE,TRUE
2005,AU-Lox,TRUE,TRUE
2006,AU-Lox,TRUE,TRUE
2007,AU-Lox,TRUE,TRUE
2010,AU-Lox,TRUE,TRUE
2011,AU-Lox,TRUE,TRUE
2012,AU-Lox,TRUE,TRUE
2013,AU-Lox,TRUE,TRUE
2014,AU-Lox,TRUE,TRUE
2011,AU-RDF,FALSE,FALSE
2012,AU-RDF,FALSE,FALSE
2013,AU-RDF,FALSE,FALSE
2001,AU-RDF,TRUE,TRUE
2002,AU-RDF,TRUE,TRUE
2003,AU-RDF,TRUE,TRUE
2004,AU-RDF,TRUE,TRUE
2005,AU-RDF,TRUE,TRUE
2006,AU-RDF,TRUE,TRUE
2007,AU-RDF,TRUE,TRUE
2008,AU-RDF,TRUE,TRUE
2009,AU-RDF,TRUE,TRUE
2010,AU-RDF,TRUE,TRUE
2014,AU-RDF,TRUE,TRUE
2011,AU-Rig,FALSE,FALSE
2012,AU-Rig,FALSE,FALSE
2013,AU-Rig,FALSE,FALSE
2014,AU-Rig,FALSE,FALSE
2001,AU-Rig,TRUE,TRUE
2002,AU-Rig,TRUE,TRUE
2003,AU-Rig,TRUE,TRUE
2004,AU-Rig,TRUE,TRUE
2005,AU-Rig,TRUE,TRUE
2006,AU-Rig,TRUE,TRUE
2007,AU-Rig,TRUE,TRUE
2008,AU-Rig,TRUE,TRUE
2009,AU-Rig,TRUE,TRUE
2010,AU-Rig,TRUE,TRUE
2014,AU-Rob,FALSE,FALSE
2001,AU-Rob,TRUE,TRUE
2002,AU-Rob,TRUE,TRUE
2003,AU-Rob,TRUE,TRUE
2004,AU-Rob,TRUE,TRUE
2005,AU-Rob,TRUE,TRUE
2006,AU-Rob,TRUE,TRUE
2007,AU-Rob,TRUE,TRUE
2008,AU-Rob,TRUE,TRUE
2009,AU-Rob,TRUE,TRUE
2010,AU-Rob,TRUE,TRUE
2011,AU-Rob,TRUE,TRUE
2012,AU-Rob,TRUE,TRUE
2013,AU-Rob,TRUE,TRUE
2008,AU-Stp,FALSE,FALSE
2009,AU-Stp,FALSE,FALSE
2010,AU-Stp,FALSE,FALSE
2011,AU-Stp,FALSE,FALSE
2012,AU-Stp,FALSE,FALSE
2013,AU-Stp,FALSE,FALSE
2014,AU-Stp,FALSE,FALSE
2001,AU-Stp,TRUE,TRUE
2002,AU-Stp,TRUE,TRUE
2003,AU-Stp,TRUE,TRUE
2004,AU-Stp,TRUE,TRUE
2005,AU-Stp,TRUE,TRUE
2006,AU-Stp,TRUE,TRUE
2007,AU-Stp,TRUE,TRUE
2012,AU-TTE,FALSE,FALSE
2013,AU-TTE,FALSE,FALSE
2001,AU-TTE,TRUE,TRUE
2002,AU-TTE,TRUE,TRUE
2003,AU-TTE,TRUE,TRUE
2004,AU-TTE,TRUE,TRUE
2005,AU-TTE,TRUE,TRUE
2006,AU-TTE,TRUE,TRUE
2007,AU-TTE,TRUE,TRUE
2008,AU-TTE,TRUE,TRUE
2009,AU-TTE,TRUE,TRUE
2010,AU-TTE,TRUE,TRUE
2011,AU-TTE,TRUE,TRUE
2014,AU-TTE,TRUE,TRUE
2001,AU-Tum,FALSE,FALSE
2002,AU-Tum,FALSE,FALSE
2003,AU-Tum,FALSE,FALSE
2004,AU-Tum,FALSE,FALSE
2005,AU-Tum,FALSE,FALSE
2006,AU-Tum,FALSE,FALSE
2007,AU-Tum,FALSE,FALSE
2008,AU-Tum,FALSE,FALSE
2009,AU-Tum,FALSE,FALSE
2010,AU-Tum,FALSE,FALSE
2011,AU-Tum,FALSE,FALSE
2012,AU-Tum,FALSE,FALSE
2013,AU-Tum,FALSE,FALSE
2014,AU-Tum,FALSE,FALSE
2005,AU-Wac,FALSE,FALSE
2006,AU-Wac,FALSE,FALSE
2007,AU-Wac,FALSE,FALSE
2008,AU-Wac,FALSE,FALSE
2001,AU-Wac,TRUE,TRUE
2002,AU-Wac,TRUE,TRUE
2003,AU-Wac,TRUE,TRUE
2004,AU-Wac,TRUE,TRUE
2009,AU-Wac,TRUE,TRUE
2010,AU-Wac,TRUE,TRUE
2011,AU-Wac,TRUE,TRUE
2012,AU-Wac,TRUE,TRUE
2013,AU-Wac,TRUE,TRUE
2014,AU-Wac,TRUE,TRUE
2011,AU-Whr,FALSE,FALSE
2012,AU-Whr,FALSE,FALSE
2013,AU-Whr,FALSE,FALSE
2014,AU-Whr,FALSE,FALSE
2001,AU-Whr,TRUE,TRUE
2002,AU-Whr,TRUE,TRUE
2003,AU-Whr,TRUE,TRUE
2004,AU-Whr,TRUE,TRUE
2005,AU-Whr,TRUE,TRUE
2006,AU-Whr,TRUE,TRUE
2007,AU-Whr,TRUE,TRUE
2008,AU-Whr,TRUE,TRUE
2009,AU-Whr,TRUE,TRUE
2010,AU-Whr,TRUE,TRUE
2010,AU-Wom,FALSE,FALSE
2011,AU-Wom,FALSE,FALSE
2012,AU-Wom,FALSE,FALSE
2001,AU-Wom,TRUE,TRUE
2002,AU-Wom,TRUE,TRUE
2003,AU-Wom,TRUE,TRUE
2004,AU-Wom,TRUE,TRUE
2005,AU-Wom,TRUE,TRUE
2006,AU-Wom,TRUE,TRUE
2007,AU-Wom,TRUE,TRUE
2008,AU-Wom,TRUE,TRUE
2009,AU-Wom,TRUE,TRUE
2013,AU-Wom,TRUE,TRUE
2014,AU-Wom,TRUE,TRUE
2012,AU-Ync,FALSE,FALSE
2013,AU-Ync,FALSE,FALSE
2014,AU-Ync,FALSE,FALSE
2001,AU-Ync,TRUE,TRUE
2002,AU-Ync,TRUE,TRUE
2003,AU-Ync,TRUE,TRUE
2004,AU-Ync,TRUE,TRUE
2005,AU-Ync,TRUE,TRUE
2006,AU-Ync,TRUE,TRUE
2007,AU-Ync,TRUE,TRUE
2008,AU-Ync,TRUE,TRUE
2009,AU-Ync,TRUE,TRUE
2010,AU-Ync,TRUE,TRUE
2011,AU-Ync,TRUE,TRUE
2001,BE-Bra,FALSE,FALSE
2002,BE-Bra,FALSE,FALSE
2003,BE-Bra,TRUE,TRUE
2004,BE-Bra,FALSE,FALSE
2005,BE-Bra,FALSE,FALSE
2006,BE-Bra,FALSE,FALSE
2007,BE-Bra,FALSE,FALSE
2008,BE-Bra,FALSE,FALSE
2009,BE-Bra,FALSE,FALSE
2010,BE-Bra,FALSE,FALSE
2011,BE-Bra,FALSE,FALSE
2012,BE-Bra,FALSE,FALSE
2013,BE-Bra,FALSE,FALSE
2014,BE-Bra,FALSE,FALSE
2004,BE-Lon,FALSE,FALSE
2005,BE-Lon,FALSE,FALSE
2006,BE-Lon,FALSE,FALSE
2007,BE-Lon,FALSE,FALSE
2008,BE-Lon,FALSE,FALSE
2009,BE-Lon,FALSE,FALSE
2010,BE-Lon,FALSE,FALSE
2011,BE-Lon,FALSE,FALSE
2012,BE-Lon,FALSE,FALSE
2013,BE-Lon,FALSE,FALSE
2014,BE-Lon,FALSE,FALSE
2001,BE-Lon,TRUE,TRUE
2002,BE-Lon,TRUE,TRUE
2003,BE-Lon,TRUE,TRUE
2001,BE-Vie,FALSE,FALSE
2002,BE-Vie,FALSE,FALSE
2003,BE-Vie,FALSE,FALSE
2004,BE-Vie,FALSE,FALSE
2005,BE-Vie,FALSE,FALSE
2006,BE-Vie,FALSE,FALSE
2007,BE-Vie,FALSE,FALSE
2008,BE-Vie,FALSE,FALSE
2009,BE-Vie,FALSE,FALSE
2010,BE-Vie,FALSE,FALSE
2011,BE-Vie,FALSE,FALSE
2012,BE-Vie,FALSE,FALSE
2013,BE-Vie,FALSE,FALSE
2014,BE-Vie,FALSE,FALSE
2001,BR-Sa3,FALSE,FALSE
2002,BR-Sa3,FALSE,FALSE
2003,BR-Sa3,FALSE,FALSE
2004,BR-Sa3,FALSE,FALSE
2005,BR-Sa3,TRUE,TRUE
2006,BR-Sa3,TRUE,TRUE
2007,BR-Sa3,TRUE,TRUE
2008,BR-Sa3,TRUE,TRUE
2009,BR-Sa3,TRUE,TRUE
2010,BR-Sa3,TRUE,TRUE
2011,BR-Sa3,TRUE,TRUE
2012,BR-Sa3,TRUE,TRUE
2013,BR-Sa3,TRUE,TRUE
2014,BR-Sa3,TRUE,TRUE
2001,CA-Man,FALSE,FALSE
2002,CA-Man,FALSE,FALSE
2003,CA-Man,FALSE,FALSE
2004,CA-Man,FALSE,FALSE
2005,CA-Man,FALSE,FALSE
2006,CA-Man,FALSE,FALSE
2007,CA-Man,FALSE,FALSE
2008,CA-Man,FALSE,FALSE
2009,CA-Man,TRUE,TRUE
2010,CA-Man,TRUE,TRUE
2011,CA-Man,TRUE,TRUE
2012,CA-Man,TRUE,TRUE
2013,CA-Man,TRUE,TRUE
2014,CA-Man,TRUE,TRUE
2001,CA-NS1,TRUE,TRUE
2002,CA-NS1,FALSE,FALSE
2003,CA-NS1,FALSE,FALSE
2004,CA-NS1,FALSE,FALSE
2005,CA-NS1,FALSE,FALSE
2006,CA-NS1,TRUE,TRUE
2007,CA-NS1,TRUE,TRUE
2008,CA-NS1,TRUE,TRUE
2009,CA-NS1,TRUE,TRUE
2010,CA-NS1,TRUE,TRUE
2011,CA-NS1,TRUE,TRUE
2012,CA-NS1,TRUE,TRUE
2013,CA-NS1,TRUE,TRUE
2014,CA-NS1,TRUE,TRUE
2001,CA-NS2,FALSE,FALSE
2002,CA-NS2,FALSE,FALSE
2003,CA-NS2,FALSE,FALSE
2004,CA-NS2,FALSE,FALSE
2005,CA-NS2,FALSE,FALSE
2006,CA-NS2,TRUE,TRUE
2007,CA-NS2,TRUE,TRUE
2008,CA-NS2,TRUE,TRUE
2009,CA-NS2,TRUE,TRUE
2010,CA-NS2,TRUE,TRUE
2011,CA-NS2,TRUE,TRUE
2012,CA-NS2,TRUE,TRUE
2013,CA-NS2,TRUE,TRUE
2014,CA-NS2,TRUE,TRUE
2001,CA-NS3,FALSE,FALSE
2002,CA-NS3,FALSE,FALSE
2003,CA-NS3,FALSE,FALSE
2004,CA-NS3,FALSE,FALSE
2005,CA-NS3,FALSE,FALSE
2006,CA-NS3,TRUE,TRUE
2007,CA-NS3,TRUE,TRUE
2008,CA-NS3,TRUE,TRUE
2009,CA-NS3,TRUE,TRUE
2010,CA-NS3,TRUE,TRUE
2011,CA-NS3,TRUE,TRUE
2012,CA-NS3,TRUE,TRUE
2013,CA-NS3,TRUE,TRUE
2014,CA-NS3,TRUE,TRUE
2002,CA-NS4,FALSE,FALSE
2003,CA-NS4,FALSE,FALSE
2004,CA-NS4,FALSE,FALSE
2005,CA-NS4,FALSE,FALSE
2001,CA-NS4,TRUE,TRUE
2006,CA-NS4,TRUE,TRUE
2007,CA-NS4,TRUE,TRUE
2008,CA-NS4,TRUE,TRUE
2009,CA-NS4,TRUE,TRUE
2010,CA-NS4,TRUE,TRUE
2011,CA-NS4,TRUE,TRUE
2012,CA-NS4,TRUE,TRUE
2013,CA-NS4,TRUE,TRUE
2014,CA-NS4,TRUE,TRUE
2001,CA-NS5,FALSE,FALSE
2002,CA-NS5,FALSE,FALSE
2003,CA-NS5,FALSE,FALSE
2004,CA-NS5,FALSE,FALSE
2005,CA-NS5,FALSE,FALSE
2006,CA-NS5,TRUE,TRUE
2007,CA-NS5,TRUE,TRUE
2008,CA-NS5,TRUE,TRUE
2009,CA-NS5,TRUE,TRUE
2010,CA-NS5,TRUE,TRUE
2011,CA-NS5,TRUE,TRUE
2012,CA-NS5,TRUE,TRUE
2013,CA-NS5,TRUE,TRUE
2014,CA-NS5,TRUE,TRUE
2001,CA-NS6,FALSE,FALSE
2002,CA-NS6,FALSE,FALSE
2003,CA-NS6,FALSE,FALSE
2004,CA-NS6,FALSE,FALSE
2005,CA-NS6,FALSE,FALSE
2006,CA-NS6,TRUE,TRUE
2007,CA-NS6,TRUE,TRUE
2008,CA-NS6,TRUE,TRUE
2009,CA-NS6,TRUE,TRUE
2010,CA-NS6,TRUE,TRUE
2011,CA-NS6,TRUE,TRUE
2012,CA-NS6,TRUE,TRUE
2013,CA-NS6,TRUE,TRUE
2014,CA-NS6,TRUE,TRUE
2002,CA-NS7,FALSE,FALSE
2003,CA-NS7,FALSE,FALSE
2004,CA-NS7,FALSE,FALSE
2005,CA-NS7,FALSE,FALSE
2001,CA-NS7,TRUE,TRUE
2006,CA-NS7,TRUE,TRUE
2007,CA-NS7,TRUE,TRUE
2008,CA-NS7,TRUE,TRUE
2009,CA-NS7,TRUE,TRUE
2010,CA-NS7,TRUE,TRUE
2011,CA-NS7,TRUE,TRUE
2012,CA-NS7,TRUE,TRUE
2013,CA-NS7,TRUE,TRUE
2014,CA-NS7,TRUE,TRUE
2003,CA-Qfo,FALSE,FALSE
2004,CA-Qfo,FALSE,FALSE
2005,CA-Qfo,FALSE,FALSE
2006,CA-Qfo,FALSE,FALSE
2007,CA-Qfo,FALSE,FALSE
2008,CA-Qfo,FALSE,FALSE
2009,CA-Qfo,FALSE,FALSE
2010,CA-Qfo,FALSE,FALSE
2001,CA-Qfo,TRUE,TRUE
2002,CA-Qfo,TRUE,TRUE
2011,CA-Qfo,TRUE,TRUE
2012,CA-Qfo,TRUE,TRUE
2013,CA-Qfo,TRUE,TRUE
2014,CA-Qfo,TRUE,TRUE
2003,CA-SF1,FALSE,FALSE
2004,CA-SF1,FALSE,FALSE
2005,CA-SF1,FALSE,FALSE
2006,CA-SF1,FALSE,FALSE
2001,CA-SF1,TRUE,TRUE
2002,CA-SF1,TRUE,TRUE
2007,CA-SF1,TRUE,TRUE
2008,CA-SF1,TRUE,TRUE
2009,CA-SF1,TRUE,TRUE
2010,CA-SF1,TRUE,TRUE
2011,CA-SF1,TRUE,TRUE
2012,CA-SF1,TRUE,TRUE
2013,CA-SF1,TRUE,TRUE
2014,CA-SF1,TRUE,TRUE
2001,CA-SF2,FALSE,FALSE
2002,CA-SF2,FALSE,FALSE
2003,CA-SF2,FALSE,FALSE
2004,CA-SF2,FALSE,FALSE
2005,CA-SF2,FALSE,FALSE
2006,CA-SF2,TRUE,TRUE
2007,CA-SF2,TRUE,TRUE
2008,CA-SF2,TRUE,TRUE
2009,CA-SF2,TRUE,TRUE
2010,CA-SF2,TRUE,TRUE
2011,CA-SF2,TRUE,TRUE
2012,CA-SF2,TRUE,TRUE
2013,CA-SF2,TRUE,TRUE
2014,CA-SF2,TRUE,TRUE
2001,CA-SF3,FALSE,FALSE
2002,CA-SF3,FALSE,FALSE
2003,CA-SF3,FALSE,FALSE
2004,CA-SF3,FALSE,FALSE
2005,CA-SF3,FALSE,FALSE
2006,CA-SF3,FALSE,FALSE
2007,CA-SF3,TRUE,TRUE
2008,CA-SF3,TRUE,TRUE
2009,CA-SF3,TRUE,TRUE
2010,CA-SF3,TRUE,TRUE
2011,CA-SF3,TRUE,TRUE
2012,CA-SF3,TRUE,TRUE
2013,CA-SF3,TRUE,TRUE
2014,CA-SF3,TRUE,TRUE
2005,CH-Cha,FALSE,FALSE
2006,CH-Cha,FALSE,FALSE
2007,CH-Cha,FALSE,FALSE
2008,CH-Cha,FALSE,FALSE
2009,CH-Cha,FALSE,FALSE
2010,CH-Cha,FALSE,FALSE
2011,CH-Cha,FALSE,FALSE
2012,CH-Cha,FALSE,FALSE
2013,CH-Cha,FALSE,FALSE
2014,CH-Cha,FALSE,FALSE
2001,CH-Cha,TRUE,TRUE
2002,CH-Cha,TRUE,TRUE
2003,CH-Cha,TRUE,TRUE
2004,CH-Cha,TRUE,TRUE
2001,CH-Dav,FALSE,FALSE
2002,CH-Dav,FALSE,FALSE
2003,CH-Dav,FALSE,FALSE
2004,CH-Dav,FALSE,FALSE
2005,CH-Dav,FALSE,FALSE
2006,CH-Dav,FALSE,FALSE
2007,CH-Dav,FALSE,FALSE
2008,CH-Dav,FALSE,FALSE
2009,CH-Dav,FALSE,FALSE
2010,CH-Dav,FALSE,FALSE
2011,CH-Dav,FALSE,FALSE
2012,CH-Dav,FALSE,FALSE
2013,CH-Dav,FALSE,FALSE
2014,CH-Dav,FALSE,FALSE
2005,CH-Fru,FALSE,FALSE
2006,CH-Fru,FALSE,FALSE
2007,CH-Fru,FALSE,FALSE
2008,CH-Fru,FALSE,FALSE
2009,CH-Fru,FALSE,FALSE
2010,CH-Fru,FALSE,FALSE
2011,CH-Fru,FALSE,FALSE
2012,CH-Fru,FALSE,FALSE
2013,CH-Fru,FALSE,FALSE
2014,CH-Fru,FALSE,FALSE
2001,CH-Fru,TRUE,TRUE
2002,CH-Fru,TRUE,TRUE
2003,CH-Fru,TRUE,TRUE
2004,CH-Fru,TRUE,TRUE
2004,CH-Lae,FALSE,FALSE
2005,CH-Lae,FALSE,FALSE
2006,CH-Lae,FALSE,FALSE
2007,CH-Lae,FALSE,FALSE
2008,CH-Lae,FALSE,FALSE
2009,CH-Lae,FALSE,FALSE
2010,CH-Lae,FALSE,FALSE
2011,CH-Lae,FALSE,FALSE
2012,CH-Lae,FALSE,FALSE
2013,CH-Lae,FALSE,FALSE
2014,CH-Lae,FALSE,FALSE
2001,CH-Lae,TRUE,TRUE
2002,CH-Lae,TRUE,TRUE
2003,CH-Lae,TRUE,TRUE
2002,CH-Oe1,FALSE,FALSE
2003,CH-Oe1,FALSE,FALSE
2004,CH-Oe1,FALSE,FALSE
2005,CH-Oe1,FALSE,FALSE
2006,CH-Oe1,FALSE,FALSE
2007,CH-Oe1,FALSE,FALSE
2008,CH-Oe1,FALSE,FALSE
2001,CH-Oe1,TRUE,TRUE
2009,CH-Oe1,TRUE,TRUE
2010,CH-Oe1,TRUE,TRUE
2011,CH-Oe1,TRUE,TRUE
2012,CH-Oe1,TRUE,TRUE
2013,CH-Oe1,TRUE,TRUE
2014,CH-Oe1,TRUE,TRUE
2004,CH-Oe2,FALSE,FALSE
2005,CH-Oe2,FALSE,FALSE
2006,CH-Oe2,FALSE,FALSE
2007,CH-Oe2,FALSE,FALSE
2008,CH-Oe2,FALSE,FALSE
2009,CH-Oe2,FALSE,FALSE
2010,CH-Oe2,FALSE,FALSE
2011,CH-Oe2,FALSE,FALSE
2012,CH-Oe2,FALSE,FALSE
2013,CH-Oe2,FALSE,FALSE
2014,CH-Oe2,FALSE,FALSE
2001,CH-Oe2,TRUE,TRUE
2002,CH-Oe2,TRUE,TRUE
2003,CH-Oe2,TRUE,TRUE
2003,CN-Cha,FALSE,FALSE
2004,CN-Cha,FALSE,FALSE
2005,CN-Cha,FALSE,FALSE
2001,CN-Cha,TRUE,TRUE
2002,CN-Cha,TRUE,TRUE
2006,CN-Cha,TRUE,TRUE
2007,CN-Cha,TRUE,TRUE
2008,CN-Cha,TRUE,TRUE
2009,CN-Cha,TRUE,TRUE
2010,CN-Cha,TRUE,TRUE
2011,CN-Cha,TRUE,TRUE
2012,CN-Cha,TRUE,TRUE
2013,CN-Cha,TRUE,TRUE
2014,CN-Cha,TRUE,TRUE
2007,CN-Cng,FALSE,FALSE
2008,CN-Cng,FALSE,FALSE
2009,CN-Cng,FALSE,FALSE
2010,CN-Cng,FALSE,FALSE
2001,CN-Cng,TRUE,TRUE
2002,CN-Cng,TRUE,TRUE
2003,CN-Cng,TRUE,TRUE
2004,CN-Cng,TRUE,TRUE
2005,CN-Cng,TRUE,TRUE
2006,CN-Cng,TRUE,TRUE
2011,CN-Cng,TRUE,TRUE
2012,CN-Cng,TRUE,TRUE
2013,CN-Cng,TRUE,TRUE
2014,CN-Cng,TRUE,TRUE
2004,CN-Dan,FALSE,FALSE
2005,CN-Dan,FALSE,FALSE
2001,CN-Dan,TRUE,TRUE
2002,CN-Dan,TRUE,TRUE
2003,CN-Dan,TRUE,TRUE
2006,CN-Dan,TRUE,TRUE
2007,CN-Dan,TRUE,TRUE
2008,CN-Dan,TRUE,TRUE
2009,CN-Dan,TRUE,TRUE
2010,CN-Dan,TRUE,TRUE
2011,CN-Dan,TRUE,TRUE
2012,CN-Dan,TRUE,TRUE
2013,CN-Dan,TRUE,TRUE
2014,CN-Dan,TRUE,TRUE
2003,CN-Din,FALSE,FALSE
2004,CN-Din,FALSE,FALSE
2005,CN-Din,FALSE,FALSE
2001,CN-Din,TRUE,TRUE
2002,CN-Din,TRUE,TRUE
2006,CN-Din,TRUE,TRUE
2007,CN-Din,TRUE,TRUE
2008,CN-Din,TRUE,TRUE
2009,CN-Din,TRUE,TRUE
2010,CN-Din,TRUE,TRUE
2011,CN-Din,TRUE,TRUE
2012,CN-Din,TRUE,TRUE
2013,CN-Din,TRUE,TRUE
2014,CN-Din,TRUE,TRUE
2006,CN-Du2,TRUE,TRUE
2007,CN-Du2,FALSE,FALSE
2008,CN-Du2,FALSE,FALSE
2001,CN-Du2,TRUE,TRUE
2002,CN-Du2,TRUE,TRUE
2003,CN-Du2,TRUE,TRUE
2004,CN-Du2,TRUE,TRUE
2005,CN-Du2,TRUE,TRUE
2009,CN-Du2,TRUE,TRUE
2010,CN-Du2,TRUE,TRUE
2011,CN-Du2,TRUE,TRUE
2012,CN-Du2,TRUE,TRUE
2013,CN-Du2,TRUE,TRUE
2014,CN-Du2,TRUE,TRUE
2003,CN-Ha2,FALSE,FALSE
2004,CN-Ha2,FALSE,FALSE
2005,CN-Ha2,FALSE,FALSE
2001,CN-Ha2,TRUE,TRUE
2002,CN-Ha2,TRUE,TRUE
2006,CN-Ha2,TRUE,TRUE
2007,CN-Ha2,TRUE,TRUE
2008,CN-Ha2,TRUE,TRUE
2009,CN-Ha2,TRUE,TRUE
2010,CN-Ha2,TRUE,TRUE
2011,CN-Ha2,TRUE,TRUE
2012,CN-Ha2,TRUE,TRUE
2013,CN-Ha2,TRUE,TRUE
2014,CN-Ha2,TRUE,TRUE
2002,CN-HaM,FALSE,FALSE
2003,CN-HaM,FALSE,FALSE
2004,CN-HaM,FALSE,FALSE
2001,CN-HaM,TRUE,TRUE
2005,CN-HaM,TRUE,TRUE
2006,CN-HaM,TRUE,TRUE
2007,CN-HaM,TRUE,TRUE
2008,CN-HaM,TRUE,TRUE
2009,CN-HaM,TRUE,TRUE
2010,CN-HaM,TRUE,TRUE
2011,CN-HaM,TRUE,TRUE
2012,CN-HaM,TRUE,TRUE
2013,CN-HaM,TRUE,TRUE
2014,CN-HaM,TRUE,TRUE
2003,CN-Qia,FALSE,FALSE
2004,CN-Qia,FALSE,FALSE
2005,CN-Qia,FALSE,FALSE
2001,CN-Qia,TRUE,TRUE
2002,CN-Qia,TRUE,TRUE
2006,CN-Qia,TRUE,TRUE
2007,CN-Qia,TRUE,TRUE
2008,CN-Qia,TRUE,TRUE
2009,CN-Qia,TRUE,TRUE
2010,CN-Qia,TRUE,TRUE
2011,CN-Qia,TRUE,TRUE
2012,CN-Qia,TRUE,TRUE
2013,CN-Qia,TRUE,TRUE
2014,CN-Qia,TRUE,TRUE
2010,CN-Sw2,FALSE,FALSE
2011,CN-Sw2,FALSE,FALSE
2012,CN-Sw2,FALSE,FALSE
2001,CN-Sw2,TRUE,TRUE
2002,CN-Sw2,TRUE,TRUE
2003,CN-Sw2,TRUE,TRUE
2004,CN-Sw2,TRUE,TRUE
2005,CN-Sw2,TRUE,TRUE
2006,CN-Sw2,TRUE,TRUE
2007,CN-Sw2,TRUE,TRUE
2008,CN-Sw2,TRUE,TRUE
2009,CN-Sw2,TRUE,TRUE
2013,CN-Sw2,TRUE,TRUE
2014,CN-Sw2,TRUE,TRUE
2004,CZ-BK1,FALSE,FALSE
2005,CZ-BK1,FALSE,FALSE
2006,CZ-BK1,FALSE,FALSE
2007,CZ-BK1,FALSE,FALSE
2008,CZ-BK1,FALSE,FALSE
2001,CZ-BK1,TRUE,TRUE
2002,CZ-BK1,TRUE,TRUE
2003,CZ-BK1,TRUE,TRUE
2009,CZ-BK1,TRUE,TRUE
2010,CZ-BK1,TRUE,TRUE
2011,CZ-BK1,TRUE,TRUE
2012,CZ-BK1,TRUE,TRUE
2013,CZ-BK1,TRUE,TRUE
2014,CZ-BK1,TRUE,TRUE
2004,CZ-BK2,TRUE,TRUE
2005,CZ-BK2,TRUE,TRUE
2006,CZ-BK2,FALSE,FALSE
2001,CZ-BK2,TRUE,TRUE
2002,CZ-BK2,TRUE,TRUE
2003,CZ-BK2,TRUE,TRUE
2007,CZ-BK2,TRUE,TRUE
2008,CZ-BK2,TRUE,TRUE
2009,CZ-BK2,TRUE,TRUE
2010,CZ-BK2,TRUE,TRUE
2011,CZ-BK2,TRUE,TRUE
2012,CZ-BK2,TRUE,TRUE
2013,CZ-BK2,TRUE,TRUE
2014,CZ-BK2,TRUE,TRUE
2006,CZ-wet,FALSE,FALSE
2007,CZ-wet,FALSE,FALSE
2008,CZ-wet,FALSE,FALSE
2009,CZ-wet,FALSE,FALSE
2010,CZ-wet,FALSE,FALSE
2011,CZ-wet,FALSE,FALSE
2012,CZ-wet,FALSE,FALSE
2013,CZ-wet,FALSE,FALSE
2014,CZ-wet,FALSE,FALSE
2001,CZ-wet,TRUE,TRUE
2002,CZ-wet,TRUE,TRUE
2003,CZ-wet,TRUE,TRUE
2004,CZ-wet,TRUE,TRUE
2005,CZ-wet,TRUE,TRUE
2009,DE-Akm,FALSE,FALSE
2010,DE-Akm,FALSE,FALSE
2011,DE-Akm,FALSE,FALSE
2012,DE-Akm,FALSE,FALSE
2013,DE-Akm,FALSE,FALSE
2014,DE-Akm,FALSE,FALSE
2001,DE-Akm,TRUE,TRUE
2002,DE-Akm,TRUE,TRUE
2003,DE-Akm,TRUE,TRUE
2004,DE-Akm,TRUE,TRUE
2005,DE-Akm,TRUE,TRUE
2006,DE-Akm,TRUE,TRUE
2007,DE-Akm,TRUE,TRUE
2008,DE-Akm,TRUE,TRUE
2001,DE-Geb,FALSE,FALSE
2002,DE-Geb,FALSE,FALSE
2003,DE-Geb,FALSE,FALSE
2004,DE-Geb,FALSE,FALSE
2005,DE-Geb,FALSE,FALSE
2006,DE-Geb,FALSE,FALSE
2007,DE-Geb,FALSE,FALSE
2008,DE-Geb,FALSE,FALSE
2009,DE-Geb,FALSE,FALSE
2010,DE-Geb,FALSE,FALSE
2011,DE-Geb,FALSE,FALSE
2012,DE-Geb,FALSE,FALSE
2013,DE-Geb,FALSE,FALSE
2014,DE-Geb,FALSE,FALSE
2004,DE-Gri,FALSE,FALSE
2005,DE-Gri,FALSE,FALSE
2006,DE-Gri,FALSE,FALSE
2007,DE-Gri,FALSE,FALSE
2008,DE-Gri,FALSE,FALSE
2009,DE-Gri,FALSE,FALSE
2010,DE-Gri,FALSE,FALSE
2011,DE-Gri,FALSE,FALSE
2012,DE-Gri,FALSE,FALSE
2013,DE-Gri,FALSE,FALSE
2014,DE-Gri,FALSE,FALSE
2001,DE-Gri,TRUE,TRUE
2002,DE-Gri,TRUE,TRUE
2003,DE-Gri,TRUE,TRUE
2001,DE-Hai,FALSE,FALSE
2002,DE-Hai,FALSE,FALSE
2003,DE-Hai,FALSE,FALSE
2004,DE-Hai,FALSE,FALSE
2005,DE-Hai,FALSE,FALSE
2006,DE-Hai,FALSE,FALSE
2007,DE-Hai,FALSE,FALSE
2008,DE-Hai,FALSE,FALSE
2009,DE-Hai,FALSE,FALSE
2010,DE-Hai,FALSE,FALSE
2011,DE-Hai,FALSE,FALSE
2012,DE-Hai,FALSE,FALSE
2013,DE-Hai,TRUE,TRUE
2014,DE-Hai,TRUE,TRUE
2004,DE-Kli,FALSE,FALSE
2005,DE-Kli,FALSE,FALSE
2006,DE-Kli,FALSE,FALSE
2007,DE-Kli,FALSE,FALSE
2008,DE-Kli,FALSE,FALSE
2009,DE-Kli,FALSE,FALSE
2010,DE-Kli,FALSE,FALSE
2011,DE-Kli,FALSE,FALSE
2012,DE-Kli,FALSE,FALSE
2013,DE-Kli,FALSE,FALSE
2014,DE-Kli,FALSE,FALSE
2001,DE-Kli,TRUE,TRUE
2002,DE-Kli,TRUE,TRUE
2003,DE-Kli,TRUE,TRUE
2009,DE-Lkb,FALSE,FALSE
2010,DE-Lkb,FALSE,FALSE
2011,DE-Lkb,FALSE,FALSE
2012,DE-Lkb,FALSE,FALSE
2013,DE-Lkb,FALSE,FALSE
2001,DE-Lkb,TRUE,TRUE
2002,DE-Lkb,TRUE,TRUE
2003,DE-Lkb,TRUE,TRUE
2004,DE-Lkb,TRUE,TRUE
2005,DE-Lkb,TRUE,TRUE
2006,DE-Lkb,TRUE,TRUE
2007,DE-Lkb,TRUE,TRUE
2008,DE-Lkb,TRUE,TRUE
2014,DE-Lkb,TRUE,TRUE
2008,DE-Obe,FALSE,FALSE
2009,DE-Obe,FALSE,FALSE
2010,DE-Obe,FALSE,FALSE
2011,DE-Obe,FALSE,FALSE
2012,DE-Obe,FALSE,FALSE
2013,DE-Obe,FALSE,FALSE
2014,DE-Obe,FALSE,FALSE
2001,DE-Obe,TRUE,TRUE
2002,DE-Obe,TRUE,TRUE
2003,DE-Obe,TRUE,TRUE
2004,DE-Obe,TRUE,TRUE
2005,DE-Obe,TRUE,TRUE
2006,DE-Obe,TRUE,TRUE
2007,DE-Obe,TRUE,TRUE
2011,DE-RuR,FALSE,FALSE
2012,DE-RuR,FALSE,FALSE
2013,DE-RuR,FALSE,FALSE
2014,DE-RuR,FALSE,FALSE
2001,DE-RuR,TRUE,TRUE
2002,DE-RuR,TRUE,TRUE
2003,DE-RuR,TRUE,TRUE
2004,DE-RuR,TRUE,TRUE
2005,DE-RuR,TRUE,TRUE
2006,DE-RuR,TRUE,TRUE
2007,DE-RuR,TRUE,TRUE
2008,DE-RuR,TRUE,TRUE
2009,DE-RuR,TRUE,TRUE
2010,DE-RuR,TRUE,TRUE
2011,DE-RuS,FALSE,FALSE
2012,DE-RuS,FALSE,FALSE
2013,DE-RuS,FALSE,FALSE
2014,DE-RuS,FALSE,FALSE
2001,DE-RuS,TRUE,TRUE
2002,DE-RuS,TRUE,TRUE
2003,DE-RuS,TRUE,TRUE
2004,DE-RuS,TRUE,TRUE
2005,DE-RuS,TRUE,TRUE
2006,DE-RuS,TRUE,TRUE
2007,DE-RuS,TRUE,TRUE
2008,DE-RuS,TRUE,TRUE
2009,DE-RuS,TRUE,TRUE
2010,DE-RuS,TRUE,TRUE
2007,DE-Seh,FALSE,FALSE
2008,DE-Seh,FALSE,FALSE
2009,DE-Seh,FALSE,FALSE
2010,DE-Seh,FALSE,FALSE
2001,DE-Seh,TRUE,TRUE
2002,DE-Seh,TRUE,TRUE
2003,DE-Seh,TRUE,TRUE
2004,DE-Seh,TRUE,TRUE
2005,DE-Seh,TRUE,TRUE
2006,DE-Seh,TRUE,TRUE
2011,DE-Seh,TRUE,TRUE
2012,DE-Seh,TRUE,TRUE
2013,DE-Seh,TRUE,TRUE
2014,DE-Seh,TRUE,TRUE
2012,DE-SfN,FALSE,FALSE
2013,DE-SfN,FALSE,FALSE
2014,DE-SfN,FALSE,FALSE
2001,DE-SfN,TRUE,TRUE
2002,DE-SfN,TRUE,TRUE
2003,DE-SfN,TRUE,TRUE
2004,DE-SfN,TRUE,TRUE
2005,DE-SfN,TRUE,TRUE
2006,DE-SfN,TRUE,TRUE
2007,DE-SfN,TRUE,TRUE
2008,DE-SfN,TRUE,TRUE
2009,DE-SfN,TRUE,TRUE
2010,DE-SfN,TRUE,TRUE
2011,DE-SfN,TRUE,TRUE
2010,DE-Spw,FALSE,FALSE
2011,DE-Spw,FALSE,FALSE
2012,DE-Spw,FALSE,FALSE
2013,DE-Spw,FALSE,FALSE
2014,DE-Spw,FALSE,FALSE
2001,DE-Spw,TRUE,TRUE
2002,DE-Spw,TRUE,TRUE
2003,DE-Spw,TRUE,TRUE
2004,DE-Spw,TRUE,TRUE
2005,DE-Spw,TRUE,TRUE
2006,DE-Spw,TRUE,TRUE
2007,DE-Spw,TRUE,TRUE
2008,DE-Spw,TRUE,TRUE
2009,DE-Spw,TRUE,TRUE
2001,DE-Tha,FALSE,FALSE
2002,DE-Tha,FALSE,FALSE
2003,DE-Tha,FALSE,FALSE
2004,DE-Tha,FALSE,FALSE
2005,DE-Tha,FALSE,FALSE
2006,DE-Tha,FALSE,FALSE
2007,DE-Tha,FALSE,FALSE
2008,DE-Tha,FALSE,FALSE
2009,DE-Tha,FALSE,FALSE
2010,DE-Tha,FALSE,FALSE
2011,DE-Tha,FALSE,FALSE
2012,DE-Tha,FALSE,FALSE
2013,DE-Tha,FALSE,FALSE
2014,DE-Tha,FALSE,FALSE
2005,DK-Fou,FALSE,FALSE
2001,DK-Fou,TRUE,TRUE
2002,DK-Fou,TRUE,TRUE
2003,DK-Fou,TRUE,TRUE
2004,DK-Fou,TRUE,TRUE
2006,DK-Fou,TRUE,TRUE
2007,DK-Fou,TRUE,TRUE
2008,DK-Fou,TRUE,TRUE
2009,DK-Fou,TRUE,TRUE
2010,DK-Fou,TRUE,TRUE
2011,DK-Fou,TRUE,TRUE
2012,DK-Fou,TRUE,TRUE
2013,DK-Fou,TRUE,TRUE
2014,DK-Fou,TRUE,TRUE
2008,DK-NuF,FALSE,FALSE
2009,DK-NuF,FALSE,FALSE
2010,DK-NuF,FALSE,FALSE
2011,DK-NuF,FALSE,FALSE
2012,DK-NuF,FALSE,FALSE
2013,DK-NuF,FALSE,FALSE
2014,DK-NuF,FALSE,FALSE
2001,DK-NuF,TRUE,TRUE
2002,DK-NuF,TRUE,TRUE
2003,DK-NuF,TRUE,TRUE
2004,DK-NuF,TRUE,TRUE
2005,DK-NuF,TRUE,TRUE
2006,DK-NuF,TRUE,TRUE
2007,DK-NuF,TRUE,TRUE
2001,DK-Sor,FALSE,FALSE
2002,DK-Sor,FALSE,FALSE
2003,DK-Sor,FALSE,FALSE
2004,DK-Sor,FALSE,FALSE
2005,DK-Sor,FALSE,FALSE
2006,DK-Sor,FALSE,FALSE
2007,DK-Sor,FALSE,FALSE
2008,DK-Sor,FALSE,FALSE
2009,DK-Sor,FALSE,FALSE
2010,DK-Sor,FALSE,FALSE
2011,DK-Sor,FALSE,FALSE
2012,DK-Sor,FALSE,FALSE
2013,DK-Sor,FALSE,FALSE
2014,DK-Sor,FALSE,FALSE
2008,DK-ZaF,FALSE,FALSE
2009,DK-ZaF,FALSE,FALSE
2010,DK-ZaF,FALSE,FALSE
2011,DK-ZaF,FALSE,FALSE
2001,DK-ZaF,TRUE,TRUE
2002,DK-ZaF,TRUE,TRUE
2003,DK-ZaF,TRUE,TRUE
2004,DK-ZaF,TRUE,TRUE
2005,DK-ZaF,TRUE,TRUE
2006,DK-ZaF,TRUE,TRUE
2007,DK-ZaF,TRUE,TRUE
2012,DK-ZaF,TRUE,TRUE
2013,DK-ZaF,TRUE,TRUE
2014,DK-ZaF,TRUE,TRUE
2001,DK-ZaH,FALSE,FALSE
2002,DK-ZaH,FALSE,FALSE
2003,DK-ZaH,FALSE,FALSE
2004,DK-ZaH,FALSE,FALSE
2005,DK-ZaH,FALSE,FALSE
2006,DK-ZaH,FALSE,FALSE
2007,DK-ZaH,FALSE,FALSE
2008,DK-ZaH,FALSE,FALSE
2009,DK-ZaH,FALSE,FALSE
2010,DK-ZaH,FALSE,FALSE
2011,DK-ZaH,FALSE,FALSE
2012,DK-ZaH,FALSE,FALSE
2013,DK-ZaH,FALSE,FALSE
2014,DK-ZaH,FALSE,FALSE
2007,ES-LgS,FALSE,FALSE
2008,ES-LgS,FALSE,FALSE
2009,ES-LgS,FALSE,FALSE
2001,ES-LgS,TRUE,TRUE
2002,ES-LgS,TRUE,TRUE
2003,ES-LgS,TRUE,TRUE
2004,ES-LgS,TRUE,TRUE
2005,ES-LgS,TRUE,TRUE
2006,ES-LgS,TRUE,TRUE
2010,ES-LgS,TRUE,TRUE
2011,ES-LgS,TRUE,TRUE
2012,ES-LgS,TRUE,TRUE
2013,ES-LgS,TRUE,TRUE
2014,ES-LgS,TRUE,TRUE
2009,ES-Ln2,FALSE,FALSE
2001,ES-Ln2,TRUE,TRUE
2002,ES-Ln2,TRUE,TRUE
2003,ES-Ln2,TRUE,TRUE
2004,ES-Ln2,TRUE,TRUE
2005,ES-Ln2,TRUE,TRUE
2006,ES-Ln2,TRUE,TRUE
2007,ES-Ln2,TRUE,TRUE
2008,ES-Ln2,TRUE,TRUE
2010,ES-Ln2,TRUE,TRUE
2011,ES-Ln2,TRUE,TRUE
2012,ES-Ln2,TRUE,TRUE
2013,ES-Ln2,TRUE,TRUE
2014,ES-Ln2,TRUE,TRUE
2001,FI-Hyy,FALSE,FALSE
2002,FI-Hyy,FALSE,FALSE
2003,FI-Hyy,FALSE,FALSE
2004,FI-Hyy,FALSE,FALSE
2005,FI-Hyy,FALSE,FALSE
2006,FI-Hyy,FALSE,FALSE
2007,FI-Hyy,FALSE,FALSE
2008,FI-Hyy,FALSE,FALSE
2009,FI-Hyy,FALSE,FALSE
2010,FI-Hyy,FALSE,FALSE
2011,FI-Hyy,FALSE,FALSE
2012,FI-Hyy,FALSE,FALSE
2013,FI-Hyy,FALSE,FALSE
2014,FI-Hyy,FALSE,FALSE
2001,FI-Jok,FALSE,FALSE
2002,FI-Jok,FALSE,FALSE
2003,FI-Jok,FALSE,FALSE
2004,FI-Jok,TRUE,TRUE
2005,FI-Jok,TRUE,TRUE
2006,FI-Jok,TRUE,TRUE
2007,FI-Jok,TRUE,TRUE
2008,FI-Jok,TRUE,TRUE
2009,FI-Jok,TRUE,TRUE
2010,FI-Jok,TRUE,TRUE
2011,FI-Jok,TRUE,TRUE
2012,FI-Jok,TRUE,TRUE
2013,FI-Jok,TRUE,TRUE
2014,FI-Jok,TRUE,TRUE
2007,FI-Lom,FALSE,FALSE
2008,FI-Lom,FALSE,FALSE
2009,FI-Lom,FALSE,FALSE
2001,FI-Lom,TRUE,TRUE
2002,FI-Lom,TRUE,TRUE
2003,FI-Lom,TRUE,TRUE
2004,FI-Lom,TRUE,TRUE
2005,FI-Lom,TRUE,TRUE
2006,FI-Lom,TRUE,TRUE
2010,FI-Lom,TRUE,TRUE
2011,FI-Lom,TRUE,TRUE
2012,FI-Lom,TRUE,TRUE
2013,FI-Lom,TRUE,TRUE
2014,FI-Lom,TRUE,TRUE
2001,FI-Sod,FALSE,FALSE
2002,FI-Sod,FALSE,FALSE
2003,FI-Sod,FALSE,FALSE
2004,FI-Sod,FALSE,FALSE
2005,FI-Sod,FALSE,FALSE
2006,FI-Sod,FALSE,FALSE
2007,FI-Sod,FALSE,FALSE
2008,FI-Sod,FALSE,FALSE
2009,FI-Sod,FALSE,FALSE
2010,FI-Sod,FALSE,FALSE
2011,FI-Sod,FALSE,FALSE
2012,FI-Sod,FALSE,FALSE
2013,FI-Sod,FALSE,FALSE
2014,FI-Sod,FALSE,FALSE
2005,FR-Fon,FALSE,FALSE
2006,FR-Fon,FALSE,FALSE
2007,FR-Fon,FALSE,FALSE
2008,FR-Fon,FALSE,FALSE
2009,FR-Fon,FALSE,FALSE
2010,FR-Fon,FALSE,FALSE
2011,FR-Fon,FALSE,FALSE
2012,FR-Fon,FALSE,FALSE
2013,FR-Fon,FALSE,FALSE
2014,FR-Fon,FALSE,FALSE
2001,FR-Fon,TRUE,TRUE
2002,FR-Fon,TRUE,TRUE
2003,FR-Fon,TRUE,TRUE
2004,FR-Fon,TRUE,TRUE
2004,FR-Gri,FALSE,FALSE
2005,FR-Gri,FALSE,FALSE
2006,FR-Gri,FALSE,FALSE
2007,FR-Gri,FALSE,FALSE
2008,FR-Gri,FALSE,FALSE
2009,FR-Gri,FALSE,FALSE
2010,FR-Gri,FALSE,FALSE
2011,FR-Gri,FALSE,FALSE
2012,FR-Gri,FALSE,FALSE
2013,FR-Gri,FALSE,FALSE
2001,FR-Gri,TRUE,TRUE
2002,FR-Gri,TRUE,TRUE
2003,FR-Gri,TRUE,TRUE
2014,FR-Gri,TRUE,TRUE
2001,FR-LBr,FALSE,FALSE
2002,FR-LBr,FALSE,FALSE
2003,FR-LBr,FALSE,FALSE
2004,FR-LBr,FALSE,FALSE
2005,FR-LBr,FALSE,FALSE
2006,FR-LBr,FALSE,FALSE
2007,FR-LBr,FALSE,FALSE
2008,FR-LBr,FALSE,FALSE
2009,FR-LBr,TRUE,TRUE
2010,FR-LBr,TRUE,TRUE
2011,FR-LBr,TRUE,TRUE
2012,FR-LBr,TRUE,TRUE
2013,FR-LBr,TRUE,TRUE
2014,FR-LBr,TRUE,TRUE
2001,FR-Pue,FALSE,FALSE
2002,FR-Pue,FALSE,FALSE
2003,FR-Pue,FALSE,FALSE
2004,FR-Pue,FALSE,FALSE
2005,FR-Pue,FALSE,FALSE
2006,FR-Pue,FALSE,FALSE
2007,FR-Pue,FALSE,FALSE
2008,FR-Pue,FALSE,FALSE
2009,FR-Pue,FALSE,FALSE
2010,FR-Pue,FALSE,FALSE
2011,FR-Pue,FALSE,FALSE
2012,FR-Pue,FALSE,FALSE
2013,FR-Pue,FALSE,FALSE
2014,FR-Pue,FALSE,FALSE
2004,GF-Guy,FALSE,FALSE
2005,GF-Guy,FALSE,FALSE
2006,GF-Guy,FALSE,FALSE
2007,GF-Guy,FALSE,FALSE
2008,GF-Guy,FALSE,FALSE
2009,GF-Guy,FALSE,FALSE
2010,GF-Guy,FALSE,FALSE
2011,GF-Guy,FALSE,FALSE
2012,GF-Guy,FALSE,FALSE
2013,GF-Guy,FALSE,FALSE
2014,GF-Guy,FALSE,FALSE
2001,GF-Guy,TRUE,TRUE
2002,GF-Guy,TRUE,TRUE
2003,GF-Guy,TRUE,TRUE
2004,IT-BCi,FALSE,FALSE
2005,IT-BCi,FALSE,FALSE
2006,IT-BCi,FALSE,FALSE
2007,IT-BCi,FALSE,FALSE
2008,IT-BCi,FALSE,FALSE
2009,IT-BCi,FALSE,FALSE
2010,IT-BCi,FALSE,FALSE
2011,IT-BCi,FALSE,FALSE
2012,IT-BCi,FALSE,FALSE
2013,IT-BCi,FALSE,FALSE
2014,IT-BCi,FALSE,FALSE
2001,IT-BCi,TRUE,TRUE
2002,IT-BCi,TRUE,TRUE
2003,IT-BCi,TRUE,TRUE
2011,IT-CA1,FALSE,FALSE
2012,IT-CA1,FALSE,FALSE
2013,IT-CA1,FALSE,FALSE
2014,IT-CA1,FALSE,FALSE
2001,IT-CA1,TRUE,TRUE
2002,IT-CA1,TRUE,TRUE
2003,IT-CA1,TRUE,TRUE
2004,IT-CA1,TRUE,TRUE
2005,IT-CA1,TRUE,TRUE
2006,IT-CA1,TRUE,TRUE
2007,IT-CA1,TRUE,TRUE
2008,IT-CA1,TRUE,TRUE
2009,IT-CA1,TRUE,TRUE
2010,IT-CA1,TRUE,TRUE
2011,IT-CA2,FALSE,FALSE
2012,IT-CA2,FALSE,FALSE
2013,IT-CA2,FALSE,FALSE
2014,IT-CA2,FALSE,FALSE
2001,IT-CA2,TRUE,TRUE
2002,IT-CA2,TRUE,TRUE
2003,IT-CA2,TRUE,TRUE
2004,IT-CA2,TRUE,TRUE
2005,IT-CA2,TRUE,TRUE
2006,IT-CA2,TRUE,TRUE
2007,IT-CA2,TRUE,TRUE
2008,IT-CA2,TRUE,TRUE
2009,IT-CA2,TRUE,TRUE
2010,IT-CA2,TRUE,TRUE
2011,IT-CA3,FALSE,FALSE
2012,IT-CA3,FALSE,FALSE
2013,IT-CA3,FALSE,FALSE
2014,IT-CA3,FALSE,FALSE
2001,IT-CA3,TRUE,TRUE
2002,IT-CA3,TRUE,TRUE
2003,IT-CA3,TRUE,TRUE
2004,IT-CA3,TRUE,TRUE
2005,IT-CA3,TRUE,TRUE
2006,IT-CA3,TRUE,TRUE
2007,IT-CA3,TRUE,TRUE
2008,IT-CA3,TRUE,TRUE
2009,IT-CA3,TRUE,TRUE
2010,IT-CA3,TRUE,TRUE
2001,IT-Col,FALSE,FALSE
2002,IT-Col,FALSE,FALSE
2003,IT-Col,FALSE,FALSE
2004,IT-Col,FALSE,FALSE
2005,IT-Col,FALSE,FALSE
2006,IT-Col,FALSE,FALSE
2007,IT-Col,FALSE,FALSE
2008,IT-Col,FALSE,FALSE
2009,IT-Col,FALSE,FALSE
2010,IT-Col,FALSE,FALSE
2011,IT-Col,FALSE,FALSE
2012,IT-Col,FALSE,FALSE
2013,IT-Col,FALSE,FALSE
2014,IT-Col,FALSE,FALSE
2012,IT-Cp2,FALSE,FALSE
2013,IT-Cp2,FALSE,FALSE
2014,IT-Cp2,FALSE,FALSE
2001,IT-Cp2,TRUE,TRUE
2002,IT-Cp2,TRUE,TRUE
2003,IT-Cp2,TRUE,TRUE
2004,IT-Cp2,TRUE,TRUE
2005,IT-Cp2,TRUE,TRUE
2006,IT-Cp2,TRUE,TRUE
2007,IT-Cp2,TRUE,TRUE
2008,IT-Cp2,TRUE,TRUE
2009,IT-Cp2,TRUE,TRUE
2010,IT-Cp2,TRUE,TRUE
2011,IT-Cp2,TRUE,TRUE
2001,IT-Cpz,FALSE,FALSE
2002,IT-Cpz,FALSE,FALSE
2003,IT-Cpz,FALSE,FALSE
2004,IT-Cpz,FALSE,FALSE
2005,IT-Cpz,FALSE,FALSE
2006,IT-Cpz,FALSE,FALSE
2007,IT-Cpz,FALSE,FALSE
2008,IT-Cpz,FALSE,FALSE
2009,IT-Cpz,TRUE,TRUE
2010,IT-Cpz,TRUE,TRUE
2011,IT-Cpz,TRUE,TRUE
2012,IT-Cpz,TRUE,TRUE
2013,IT-Cpz,TRUE,TRUE
2014,IT-Cpz,TRUE,TRUE
2013,IT-Isp,FALSE,FALSE
2014,IT-Isp,FALSE,FALSE
2001,IT-Isp,TRUE,TRUE
2002,IT-Isp,TRUE,TRUE
2003,IT-Isp,TRUE,TRUE
2004,IT-Isp,TRUE,TRUE
2005,IT-Isp,TRUE,TRUE
2006,IT-Isp,TRUE,TRUE
2007,IT-Isp,TRUE,TRUE
2008,IT-Isp,TRUE,TRUE
2009,IT-Isp,TRUE,TRUE
2010,IT-Isp,TRUE,TRUE
2011,IT-Isp,TRUE,TRUE
2012,IT-Isp,TRUE,TRUE
2001,IT-La2,FALSE,FALSE
2002,IT-La2,FALSE,FALSE
2003,IT-La2,TRUE,TRUE
2004,IT-La2,TRUE,TRUE
2005,IT-La2,TRUE,TRUE
2006,IT-La2,TRUE,TRUE
2007,IT-La2,TRUE,TRUE
2008,IT-La2,TRUE,TRUE
2009,IT-La2,TRUE,TRUE
2010,IT-La2,TRUE,TRUE
2011,IT-La2,TRUE,TRUE
2012,IT-La2,TRUE,TRUE
2013,IT-La2,TRUE,TRUE
2014,IT-La2,TRUE,TRUE
2003,IT-Lav,FALSE,FALSE
2004,IT-Lav,FALSE,FALSE
2005,IT-Lav,FALSE,FALSE
2006,IT-Lav,FALSE,FALSE
2007,IT-Lav,FALSE,FALSE
2008,IT-Lav,FALSE,FALSE
2009,IT-Lav,FALSE,FALSE
2010,IT-Lav,FALSE,FALSE
2011,IT-Lav,FALSE,FALSE
2012,IT-Lav,FALSE,FALSE
2013,IT-Lav,FALSE,FALSE
2014,IT-Lav,FALSE,FALSE
2001,IT-Lav,TRUE,TRUE
2002,IT-Lav,TRUE,TRUE
2003,IT-MBo,FALSE,FALSE
2004,IT-MBo,FALSE,FALSE
2005,IT-MBo,FALSE,FALSE
2006,IT-MBo,FALSE,FALSE
2007,IT-MBo,FALSE,FALSE
2008,IT-MBo,FALSE,FALSE
2009,IT-MBo,FALSE,FALSE
2010,IT-MBo,FALSE,FALSE
2011,IT-MBo,FALSE,FALSE
2012,IT-MBo,FALSE,FALSE
2013,IT-MBo,FALSE,FALSE
2001,IT-MBo,TRUE,TRUE
2002,IT-MBo,TRUE,TRUE
2014,IT-MBo,TRUE,TRUE
2004,IT-Noe,FALSE,FALSE
2005,IT-Noe,FALSE,FALSE
2006,IT-Noe,FALSE,FALSE
2007,IT-Noe,FALSE,FALSE
2008,IT-Noe,FALSE,FALSE
2009,IT-Noe,FALSE,FALSE
2010,IT-Noe,FALSE,FALSE
2011,IT-Noe,FALSE,FALSE
2012,IT-Noe,FALSE,FALSE
2013,IT-Noe,FALSE,FALSE
2014,IT-Noe,FALSE,FALSE
2001,IT-Noe,TRUE,TRUE
2002,IT-Noe,TRUE,TRUE
2003,IT-Noe,TRUE,TRUE
2002,IT-PT1,FALSE,FALSE
2003,IT-PT1,FALSE,FALSE
2004,IT-PT1,FALSE,FALSE
2001,IT-PT1,TRUE,TRUE
2005,IT-PT1,TRUE,TRUE
2006,IT-PT1,TRUE,TRUE
2007,IT-PT1,TRUE,TRUE
2008,IT-PT1,TRUE,TRUE
2009,IT-PT1,TRUE,TRUE
2010,IT-PT1,TRUE,TRUE
2011,IT-PT1,TRUE,TRUE
2012,IT-PT1,TRUE,TRUE
2013,IT-PT1,TRUE,TRUE
2014,IT-PT1,TRUE,TRUE
2001,IT-Ren,FALSE,FALSE
2002,IT-Ren,FALSE,FALSE
2003,IT-Ren,FALSE,FALSE
2004,IT-Ren,FALSE,FALSE
2005,IT-Ren,FALSE,FALSE
2006,IT-Ren,FALSE,FALSE
2007,IT-Ren,FALSE,FALSE
2008,IT-Ren,FALSE,FALSE
2009,IT-Ren,FALSE,FALSE
2010,IT-Ren,FALSE,FALSE
2011,IT-Ren,FALSE,FALSE
2012,IT-Ren,FALSE,FALSE
2013,IT-Ren,FALSE,FALSE
2014,IT-Ren,TRUE,TRUE
2001,IT-Ro1,FALSE,FALSE
2002,IT-Ro1,FALSE,FALSE
2003,IT-Ro1,FALSE,FALSE
2004,IT-Ro1,FALSE,FALSE
2005,IT-Ro1,FALSE,FALSE
2006,IT-Ro1,FALSE,FALSE
2007,IT-Ro1,FALSE,FALSE
2008,IT-Ro1,FALSE,FALSE
2009,IT-Ro1,TRUE,TRUE
2010,IT-Ro1,TRUE,TRUE
2011,IT-Ro1,TRUE,TRUE
2012,IT-Ro1,TRUE,TRUE
2013,IT-Ro1,TRUE,TRUE
2014,IT-Ro1,TRUE,TRUE
2002,IT-Ro2,FALSE,FALSE
2003,IT-Ro2,FALSE,FALSE
2004,IT-Ro2,FALSE,FALSE
2005,IT-Ro2,FALSE,FALSE
2006,IT-Ro2,FALSE,FALSE
2007,IT-Ro2,FALSE,FALSE
2008,IT-Ro2,FALSE,FALSE
2009,IT-Ro2,TRUE,TRUE
2010,IT-Ro2,FALSE,FALSE
2011,IT-Ro2,FALSE,FALSE
2012,IT-Ro2,FALSE,FALSE
2001,IT-Ro2,TRUE,TRUE
2013,IT-Ro2,TRUE,TRUE
2014,IT-Ro2,TRUE,TRUE
2013,IT-SR2,FALSE,FALSE
2014,IT-SR2,FALSE,FALSE
2001,IT-SR2,TRUE,TRUE
2002,IT-SR2,TRUE,TRUE
2003,IT-SR2,TRUE,TRUE
2004,IT-SR2,TRUE,TRUE
2005,IT-SR2,TRUE,TRUE
2006,IT-SR2,TRUE,TRUE
2007,IT-SR2,TRUE,TRUE
2008,IT-SR2,TRUE,TRUE
2009,IT-SR2,TRUE,TRUE
2010,IT-SR2,TRUE,TRUE
2011,IT-SR2,TRUE,TRUE
2012,IT-SR2,TRUE,TRUE
2001,IT-SRo,FALSE,FALSE
2002,IT-SRo,FALSE,FALSE
2003,IT-SRo,FALSE,FALSE
2004,IT-SRo,FALSE,FALSE
2005,IT-SRo,FALSE,FALSE
2006,IT-SRo,FALSE,FALSE
2007,IT-SRo,FALSE,FALSE
2008,IT-SRo,FALSE,FALSE
2009,IT-SRo,FALSE,FALSE
2010,IT-SRo,FALSE,FALSE
2011,IT-SRo,FALSE,FALSE
2012,IT-SRo,FALSE,FALSE
2013,IT-SRo,TRUE,TRUE
2014,IT-SRo,TRUE,TRUE
2008,IT-Tor,FALSE,FALSE
2009,IT-Tor,FALSE,FALSE
2010,IT-Tor,FALSE,FALSE
2011,IT-Tor,FALSE,FALSE
2012,IT-Tor,FALSE,FALSE
2013,IT-Tor,FALSE,FALSE
2014,IT-Tor,FALSE,FALSE
2001,IT-Tor,TRUE,TRUE
2002,IT-Tor,TRUE,TRUE
2003,IT-Tor,TRUE,TRUE
2004,IT-Tor,TRUE,TRUE
2005,IT-Tor,TRUE,TRUE
2006,IT-Tor,TRUE,TRUE
2007,IT-Tor,TRUE,TRUE
2003,JP-MBF,TRUE,TRUE
2004,JP-MBF,FALSE,FALSE
2005,JP-MBF,FALSE,FALSE
2001,JP-MBF,TRUE,TRUE
2002,JP-MBF,TRUE,TRUE
2006,JP-MBF,TRUE,TRUE
2007,JP-MBF,TRUE,TRUE
2008,JP-MBF,TRUE,TRUE
2009,JP-MBF,TRUE,TRUE
2010,JP-MBF,TRUE,TRUE
2011,JP-MBF,TRUE,TRUE
2012,JP-MBF,TRUE,TRUE
2013,JP-MBF,TRUE,TRUE
2014,JP-MBF,TRUE,TRUE
2002,JP-SMF,FALSE,FALSE
2003,JP-SMF,FALSE,FALSE
2004,JP-SMF,FALSE,FALSE
2005,JP-SMF,FALSE,FALSE
2006,JP-SMF,FALSE,FALSE
2001,JP-SMF,TRUE,TRUE
2007,JP-SMF,TRUE,TRUE
2008,JP-SMF,TRUE,TRUE
2009,JP-SMF,TRUE,TRUE
2010,JP-SMF,TRUE,TRUE
2011,JP-SMF,TRUE,TRUE
2012,JP-SMF,TRUE,TRUE
2013,JP-SMF,TRUE,TRUE
2014,JP-SMF,TRUE,TRUE
2004,NL-Hor,FALSE,FALSE
2005,NL-Hor,FALSE,FALSE
2006,NL-Hor,FALSE,FALSE
2007,NL-Hor,FALSE,FALSE
2008,NL-Hor,FALSE,FALSE
2009,NL-Hor,FALSE,FALSE
2010,NL-Hor,FALSE,FALSE
2011,NL-Hor,FALSE,FALSE
2001,NL-Hor,TRUE,TRUE
2002,NL-Hor,TRUE,TRUE
2003,NL-Hor,TRUE,TRUE
2012,NL-Hor,TRUE,TRUE
2013,NL-Hor,TRUE,TRUE
2014,NL-Hor,TRUE,TRUE
2001,NL-Loo,FALSE,FALSE
2002,NL-Loo,FALSE,FALSE
2003,NL-Loo,FALSE,FALSE
2004,NL-Loo,FALSE,FALSE
2005,NL-Loo,FALSE,FALSE
2006,NL-Loo,FALSE,FALSE
2007,NL-Loo,FALSE,FALSE
2008,NL-Loo,FALSE,FALSE
2009,NL-Loo,FALSE,FALSE
2010,NL-Loo,FALSE,FALSE
2011,NL-Loo,FALSE,FALSE
2012,NL-Loo,FALSE,FALSE
2013,NL-Loo,FALSE,FALSE
2014,NL-Loo,TRUE,TRUE
2011,NO-Adv,TRUE,TRUE
2012,NO-Adv,TRUE,TRUE
2013,NO-Adv,FALSE,FALSE
2014,NO-Adv,FALSE,FALSE
2001,NO-Adv,TRUE,TRUE
2002,NO-Adv,TRUE,TRUE
2003,NO-Adv,TRUE,TRUE
2004,NO-Adv,TRUE,TRUE
2005,NO-Adv,TRUE,TRUE
2006,NO-Adv,TRUE,TRUE
2007,NO-Adv,TRUE,TRUE
2008,NO-Adv,TRUE,TRUE
2009,NO-Adv,TRUE,TRUE
2010,NO-Adv,TRUE,TRUE
2008,NO-Blv,FALSE,FALSE
2009,NO-Blv,FALSE,FALSE
2001,NO-Blv,TRUE,TRUE
2002,NO-Blv,TRUE,TRUE
2003,NO-Blv,TRUE,TRUE
2004,NO-Blv,TRUE,TRUE
2005,NO-Blv,TRUE,TRUE
2006,NO-Blv,TRUE,TRUE
2007,NO-Blv,TRUE,TRUE
2010,NO-Blv,TRUE,TRUE
2011,NO-Blv,TRUE,TRUE
2012,NO-Blv,TRUE,TRUE
2013,NO-Blv,TRUE,TRUE
2014,NO-Blv,TRUE,TRUE
2002,RU-Che,FALSE,FALSE
2003,RU-Che,FALSE,FALSE
2004,RU-Che,FALSE,FALSE
2005,RU-Che,FALSE,FALSE
2001,RU-Che,TRUE,TRUE
2006,RU-Che,TRUE,TRUE
2007,RU-Che,TRUE,TRUE
2008,RU-Che,TRUE,TRUE
2009,RU-Che,TRUE,TRUE
2010,RU-Che,TRUE,TRUE
2011,RU-Che,TRUE,TRUE
2012,RU-Che,TRUE,TRUE
2013,RU-Che,TRUE,TRUE
2014,RU-Che,TRUE,TRUE
2003,RU-Cok,FALSE,FALSE
2004,RU-Cok,FALSE,FALSE
2005,RU-Cok,FALSE,FALSE
2006,RU-Cok,FALSE,FALSE
2007,RU-Cok,FALSE,FALSE
2008,RU-Cok,FALSE,FALSE
2009,RU-Cok,FALSE,FALSE
2010,RU-Cok,FALSE,FALSE
2011,RU-Cok,FALSE,FALSE
2012,RU-Cok,FALSE,FALSE
2013,RU-Cok,FALSE,FALSE
2014,RU-Cok,TRUE,TRUE
2001,RU-Cok,TRUE,TRUE
2002,RU-Cok,TRUE,TRUE
2001,RU-Fyo,FALSE,FALSE
2002,RU-Fyo,FALSE,FALSE
2003,RU-Fyo,FALSE,FALSE
2004,RU-Fyo,FALSE,FALSE
2005,RU-Fyo,FALSE,FALSE
2006,RU-Fyo,FALSE,FALSE
2007,RU-Fyo,FALSE,FALSE
2008,RU-Fyo,FALSE,FALSE
2009,RU-Fyo,FALSE,FALSE
2010,RU-Fyo,FALSE,FALSE
2011,RU-Fyo,FALSE,FALSE
2012,RU-Fyo,FALSE,FALSE
2013,RU-Fyo,FALSE,FALSE
2014,RU-Fyo,FALSE,FALSE
2002,RU-Ha1,FALSE,FALSE
2003,RU-Ha1,FALSE,FALSE
2004,RU-Ha1,FALSE,FALSE
2001,RU-Ha1,TRUE,TRUE
2005,RU-Ha1,TRUE,TRUE
2006,RU-Ha1,TRUE,TRUE
2007,RU-Ha1,TRUE,TRUE
2008,RU-Ha1,TRUE,TRUE
2009,RU-Ha1,TRUE,TRUE
2010,RU-Ha1,TRUE,TRUE
2011,RU-Ha1,TRUE,TRUE
2012,RU-Ha1,TRUE,TRUE
2013,RU-Ha1,TRUE,TRUE
2014,RU-Ha1,TRUE,TRUE
2005,SD-Dem,FALSE,FALSE
2006,SD-Dem,TRUE,TRUE
2007,SD-Dem,FALSE,FALSE
2008,SD-Dem,FALSE,FALSE
2009,SD-Dem,FALSE,FALSE
2001,SD-Dem,TRUE,TRUE
2002,SD-Dem,TRUE,TRUE
2003,SD-Dem,TRUE,TRUE
2004,SD-Dem,TRUE,TRUE
2010,SD-Dem,TRUE,TRUE
2011,SD-Dem,TRUE,TRUE
2012,SD-Dem,TRUE,TRUE
2013,SD-Dem,TRUE,TRUE
2014,SD-Dem,TRUE,TRUE
2010,SN-Dhr,FALSE,FALSE
2011,SN-Dhr,FALSE,FALSE
2012,SN-Dhr,FALSE,FALSE
2013,SN-Dhr,FALSE,FALSE
2001,SN-Dhr,TRUE,TRUE
2002,SN-Dhr,TRUE,TRUE
2003,SN-Dhr,TRUE,TRUE
2004,SN-Dhr,TRUE,TRUE
2005,SN-Dhr,TRUE,TRUE
2006,SN-Dhr,TRUE,TRUE
2007,SN-Dhr,TRUE,TRUE
2008,SN-Dhr,TRUE,TRUE
2009,SN-Dhr,TRUE,TRUE
2014,SN-Dhr,TRUE,TRUE
2009,US-AR1,FALSE,FALSE
2010,US-AR1,FALSE,FALSE
2011,US-AR1,FALSE,FALSE
2012,US-AR1,FALSE,FALSE
2001,US-AR1,TRUE,TRUE
2002,US-AR1,TRUE,TRUE
2003,US-AR1,TRUE,TRUE
2004,US-AR1,TRUE,TRUE
2005,US-AR1,TRUE,TRUE
2006,US-AR1,TRUE,TRUE
2007,US-AR1,TRUE,TRUE
2008,US-AR1,TRUE,TRUE
2013,US-AR1,TRUE,TRUE
2014,US-AR1,TRUE,TRUE
2009,US-AR2,FALSE,FALSE
2010,US-AR2,FALSE,FALSE
2011,US-AR2,FALSE,FALSE
2012,US-AR2,FALSE,FALSE
2001,US-AR2,TRUE,TRUE
2002,US-AR2,TRUE,TRUE
2003,US-AR2,TRUE,TRUE
2004,US-AR2,TRUE,TRUE
2005,US-AR2,TRUE,TRUE
2006,US-AR2,TRUE,TRUE
2007,US-AR2,TRUE,TRUE
2008,US-AR2,TRUE,TRUE
2013,US-AR2,TRUE,TRUE
2014,US-AR2,TRUE,TRUE
2005,US-ARb,FALSE,FALSE
2006,US-ARb,FALSE,FALSE
2001,US-ARb,TRUE,TRUE
2002,US-ARb,TRUE,TRUE
2003,US-ARb,TRUE,TRUE
2004,US-ARb,TRUE,TRUE
2007,US-ARb,TRUE,TRUE
2008,US-ARb,TRUE,TRUE
2009,US-ARb,TRUE,TRUE
2010,US-ARb,TRUE,TRUE
2011,US-ARb,TRUE,TRUE
2012,US-ARb,TRUE,TRUE
2013,US-ARb,TRUE,TRUE
2014,US-ARb,TRUE,TRUE
2005,US-ARc,FALSE,FALSE
2006,US-ARc,FALSE,FALSE
2001,US-ARc,TRUE,TRUE
2002,US-ARc,TRUE,TRUE
2003,US-ARc,TRUE,TRUE
2004,US-ARc,TRUE,TRUE
2007,US-ARc,TRUE,TRUE
2008,US-ARc,TRUE,TRUE
2009,US-ARc,TRUE,TRUE
2010,US-ARc,TRUE,TRUE
2011,US-ARc,TRUE,TRUE
2012,US-ARc,TRUE,TRUE
2013,US-ARc,TRUE,TRUE
2014,US-ARc,TRUE,TRUE
2003,US-ARM,FALSE,FALSE
2004,US-ARM,FALSE,FALSE
2005,US-ARM,FALSE,FALSE
2006,US-ARM,FALSE,FALSE
2007,US-ARM,FALSE,FALSE
2008,US-ARM,FALSE,FALSE
2009,US-ARM,FALSE,FALSE
2010,US-ARM,FALSE,FALSE
2011,US-ARM,FALSE,FALSE
2012,US-ARM,FALSE,FALSE
2001,US-ARM,TRUE,TRUE
2002,US-ARM,TRUE,TRUE
2013,US-ARM,TRUE,TRUE
2014,US-ARM,TRUE,TRUE
2001,US-Blo,FALSE,FALSE
2002,US-Blo,FALSE,FALSE
2003,US-Blo,FALSE,FALSE
2004,US-Blo,FALSE,FALSE
2005,US-Blo,FALSE,FALSE
2006,US-Blo,FALSE,FALSE
2007,US-Blo,FALSE,FALSE
2008,US-Blo,TRUE,TRUE
2009,US-Blo,TRUE,TRUE
2010,US-Blo,TRUE,TRUE
2011,US-Blo,TRUE,TRUE
2012,US-Blo,TRUE,TRUE
2013,US-Blo,TRUE,TRUE
2014,US-Blo,TRUE,TRUE
2001,US-Cop,FALSE,FALSE
2002,US-Cop,FALSE,FALSE
2003,US-Cop,FALSE,FALSE
2004,US-Cop,TRUE,TRUE
2005,US-Cop,TRUE,TRUE
2006,US-Cop,FALSE,FALSE
2007,US-Cop,FALSE,FALSE
2008,US-Cop,TRUE,TRUE
2009,US-Cop,TRUE,TRUE
2010,US-Cop,TRUE,TRUE
2011,US-Cop,TRUE,TRUE
2012,US-Cop,TRUE,TRUE
2013,US-Cop,TRUE,TRUE
2014,US-Cop,TRUE,TRUE
2001,US-GBT,FALSE,FALSE
2002,US-GBT,FALSE,FALSE
2003,US-GBT,FALSE,FALSE
2004,US-GBT,TRUE,TRUE
2005,US-GBT,TRUE,TRUE
2006,US-GBT,TRUE,TRUE
2007,US-GBT,TRUE,TRUE
2008,US-GBT,TRUE,TRUE
2009,US-GBT,TRUE,TRUE
2010,US-GBT,TRUE,TRUE
2011,US-GBT,TRUE,TRUE
2012,US-GBT,TRUE,TRUE
2013,US-GBT,TRUE,TRUE
2014,US-GBT,TRUE,TRUE
2004,US-GLE,TRUE,TRUE
2005,US-GLE,FALSE,FALSE
2006,US-GLE,FALSE,FALSE
2007,US-GLE,FALSE,FALSE
2008,US-GLE,FALSE,FALSE
2009,US-GLE,FALSE,FALSE
2010,US-GLE,FALSE,FALSE
2011,US-GLE,FALSE,FALSE
2012,US-GLE,FALSE,FALSE
2013,US-GLE,FALSE,FALSE
2014,US-GLE,FALSE,FALSE
2001,US-GLE,TRUE,TRUE
2002,US-GLE,TRUE,TRUE
2003,US-GLE,TRUE,TRUE
2001,US-Ha1,FALSE,FALSE
2002,US-Ha1,FALSE,FALSE
2003,US-Ha1,FALSE,FALSE
2004,US-Ha1,FALSE,FALSE
2005,US-Ha1,FALSE,FALSE
2006,US-Ha1,FALSE,FALSE
2007,US-Ha1,FALSE,FALSE
2008,US-Ha1,FALSE,FALSE
2009,US-Ha1,FALSE,FALSE
2010,US-Ha1,FALSE,FALSE
2011,US-Ha1,FALSE,FALSE
2012,US-Ha1,FALSE,FALSE
2013,US-Ha1,TRUE,TRUE
2014,US-Ha1,TRUE,TRUE
2003,US-KS2,FALSE,FALSE
2004,US-KS2,FALSE,FALSE
2005,US-KS2,FALSE,FALSE
2006,US-KS2,FALSE,FALSE
2001,US-KS2,TRUE,TRUE
2002,US-KS2,TRUE,TRUE
2007,US-KS2,TRUE,TRUE
2008,US-KS2,TRUE,TRUE
2009,US-KS2,TRUE,TRUE
2010,US-KS2,TRUE,TRUE
2011,US-KS2,TRUE,TRUE
2012,US-KS2,TRUE,TRUE
2013,US-KS2,TRUE,TRUE
2014,US-KS2,TRUE,TRUE
2001,US-Los,FALSE,FALSE
2002,US-Los,FALSE,FALSE
2003,US-Los,FALSE,FALSE
2004,US-Los,FALSE,FALSE
2005,US-Los,FALSE,FALSE
2006,US-Los,FALSE,FALSE
2007,US-Los,FALSE,FALSE
2008,US-Los,FALSE,FALSE
2009,US-Los,TRUE,TRUE
2010,US-Los,FALSE,FALSE
2011,US-Los,TRUE,TRUE
2012,US-Los,TRUE,TRUE
2013,US-Los,TRUE,TRUE
2014,US-Los,FALSE,FALSE
2004,US-Me1,FALSE,FALSE
2005,US-Me1,FALSE,FALSE
2001,US-Me1,TRUE,TRUE
2002,US-Me1,TRUE,TRUE
2003,US-Me1,TRUE,TRUE
2006,US-Me1,TRUE,TRUE
2007,US-Me1,TRUE,TRUE
2008,US-Me1,TRUE,TRUE
2009,US-Me1,TRUE,TRUE
2010,US-Me1,TRUE,TRUE
2011,US-Me1,TRUE,TRUE
2012,US-Me1,TRUE,TRUE
2013,US-Me1,TRUE,TRUE
2014,US-Me1,TRUE,TRUE
2002,US-Me2,FALSE,FALSE
2003,US-Me2,FALSE,FALSE
2004,US-Me2,FALSE,FALSE
2005,US-Me2,FALSE,FALSE
2006,US-Me2,FALSE,FALSE
2007,US-Me2,FALSE,FALSE
2008,US-Me2,FALSE,FALSE
2009,US-Me2,FALSE,FALSE
2010,US-Me2,FALSE,FALSE
2011,US-Me2,FALSE,FALSE
2012,US-Me2,FALSE,FALSE
2013,US-Me2,FALSE,FALSE
2014,US-Me2,FALSE,FALSE
2001,US-Me2,TRUE,TRUE
2010,US-Me6,FALSE,FALSE
2011,US-Me6,FALSE,FALSE
2012,US-Me6,FALSE,FALSE
2013,US-Me6,FALSE,FALSE
2014,US-Me6,FALSE,FALSE
2001,US-Me6,TRUE,TRUE
2002,US-Me6,TRUE,TRUE
2003,US-Me6,TRUE,TRUE
2004,US-Me6,TRUE,TRUE
2005,US-Me6,TRUE,TRUE
2006,US-Me6,TRUE,TRUE
2007,US-Me6,TRUE,TRUE
2008,US-Me6,TRUE,TRUE
2009,US-Me6,TRUE,TRUE
2001,US-MMS,FALSE,FALSE
2002,US-MMS,FALSE,FALSE
2003,US-MMS,FALSE,FALSE
2004,US-MMS,FALSE,FALSE
2005,US-MMS,FALSE,FALSE
2006,US-MMS,FALSE,FALSE
2007,US-MMS,FALSE,FALSE
2008,US-MMS,FALSE,FALSE
2009,US-MMS,FALSE,FALSE
2010,US-MMS,FALSE,FALSE
2011,US-MMS,FALSE,FALSE
2012,US-MMS,FALSE,FALSE
2013,US-MMS,FALSE,FALSE
2014,US-MMS,FALSE,FALSE
2010,US-Myb,TRUE,TRUE
2011,US-Myb,FALSE,FALSE
2012,US-Myb,FALSE,FALSE
2013,US-Myb,FALSE,FALSE
2014,US-Myb,FALSE,FALSE
2001,US-Myb,TRUE,TRUE
2002,US-Myb,TRUE,TRUE
2003,US-Myb,TRUE,TRUE
2004,US-Myb,TRUE,TRUE
2005,US-Myb,TRUE,TRUE
2006,US-Myb,TRUE,TRUE
2007,US-Myb,TRUE,TRUE
2008,US-Myb,TRUE,TRUE
2009,US-Myb,TRUE,TRUE
2001,US-Ne1,FALSE,FALSE
2002,US-Ne1,FALSE,FALSE
2003,US-Ne1,FALSE,FALSE
2004,US-Ne1,FALSE,FALSE
2005,US-Ne1,FALSE,FALSE
2006,US-Ne1,FALSE,FALSE
2007,US-Ne1,FALSE,FALSE
2008,US-Ne1,FALSE,FALSE
2009,US-Ne1,FALSE,FALSE
2010,US-Ne1,FALSE,FALSE
2011,US-Ne1,FALSE,FALSE
2012,US-Ne1,FALSE,FALSE
2013,US-Ne1,FALSE,FALSE
2014,US-Ne1,TRUE,TRUE
2001,US-Ne2,FALSE,FALSE
2002,US-Ne2,FALSE,FALSE
2003,US-Ne2,FALSE,FALSE
2004,US-Ne2,FALSE,FALSE
2005,US-Ne2,FALSE,FALSE
2006,US-Ne2,FALSE,FALSE
2007,US-Ne2,FALSE,FALSE
2008,US-Ne2,FALSE,FALSE
2009,US-Ne2,FALSE,FALSE
2010,US-Ne2,FALSE,FALSE
2011,US-Ne2,FALSE,FALSE
2012,US-Ne2,FALSE,FALSE
2013,US-Ne2,FALSE,FALSE
2014,US-Ne2,TRUE,TRUE
2001,US-Ne3,FALSE,FALSE
2002,US-Ne3,FALSE,FALSE
2003,US-Ne3,FALSE,FALSE
2004,US-Ne3,FALSE,FALSE
2005,US-Ne3,FALSE,FALSE
2006,US-Ne3,FALSE,FALSE
2007,US-Ne3,FALSE,FALSE
2008,US-Ne3,FALSE,FALSE
2009,US-Ne3,FALSE,FALSE
2010,US-Ne3,FALSE,FALSE
2011,US-Ne3,FALSE,FALSE
2012,US-Ne3,FALSE,FALSE
2013,US-Ne3,FALSE,FALSE
2014,US-Ne3,TRUE,TRUE
2001,US-NR1,FALSE,FALSE
2002,US-NR1,FALSE,FALSE
2003,US-NR1,FALSE,FALSE
2004,US-NR1,FALSE,FALSE
2005,US-NR1,FALSE,FALSE
2006,US-NR1,FALSE,FALSE
2007,US-NR1,FALSE,FALSE
2008,US-NR1,FALSE,FALSE
2009,US-NR1,FALSE,FALSE
2010,US-NR1,FALSE,FALSE
2011,US-NR1,FALSE,FALSE
2012,US-NR1,FALSE,FALSE
2013,US-NR1,FALSE,FALSE
2014,US-NR1,FALSE,FALSE
2011,US-ORv,FALSE,FALSE
2001,US-ORv,TRUE,TRUE
2002,US-ORv,TRUE,TRUE
2003,US-ORv,TRUE,TRUE
2004,US-ORv,TRUE,TRUE
2005,US-ORv,TRUE,TRUE
2006,US-ORv,TRUE,TRUE
2007,US-ORv,TRUE,TRUE
2008,US-ORv,TRUE,TRUE
2009,US-ORv,TRUE,TRUE
2010,US-ORv,TRUE,TRUE
2012,US-ORv,TRUE,TRUE
2013,US-ORv,TRUE,TRUE
2014,US-ORv,TRUE,TRUE
2001,US-PFa,FALSE,FALSE
2002,US-PFa,FALSE,FALSE
2003,US-PFa,FALSE,FALSE
2004,US-PFa,FALSE,FALSE
2005,US-PFa,FALSE,FALSE
2006,US-PFa,FALSE,FALSE
2007,US-PFa,FALSE,FALSE
2008,US-PFa,FALSE,FALSE
2009,US-PFa,FALSE,FALSE
2010,US-PFa,FALSE,FALSE
2011,US-PFa,FALSE,FALSE
2012,US-PFa,FALSE,FALSE
2013,US-PFa,FALSE,FALSE
2014,US-PFa,FALSE,FALSE
2010,US-Prr,FALSE,FALSE
2011,US-Prr,FALSE,FALSE
2012,US-Prr,FALSE,FALSE
2013,US-Prr,FALSE,FALSE
2001,US-Prr,TRUE,TRUE
2002,US-Prr,TRUE,TRUE
2003,US-Prr,TRUE,TRUE
2004,US-Prr,TRUE,TRUE
2005,US-Prr,TRUE,TRUE
2006,US-Prr,TRUE,TRUE
2007,US-Prr,TRUE,TRUE
2008,US-Prr,TRUE,TRUE
2009,US-Prr,TRUE,TRUE
2014,US-Prr,TRUE,TRUE
2008,US-SRG,FALSE,FALSE
2009,US-SRG,FALSE,FALSE
2010,US-SRG,FALSE,FALSE
2011,US-SRG,FALSE,FALSE
2012,US-SRG,FALSE,FALSE
2013,US-SRG,FALSE,FALSE
2014,US-SRG,FALSE,FALSE
2001,US-SRG,TRUE,TRUE
2002,US-SRG,TRUE,TRUE
2003,US-SRG,TRUE,TRUE
2004,US-SRG,TRUE,TRUE
2005,US-SRG,TRUE,TRUE
2006,US-SRG,TRUE,TRUE
2007,US-SRG,TRUE,TRUE
2004,US-SRM,FALSE,FALSE
2005,US-SRM,FALSE,FALSE
2006,US-SRM,FALSE,FALSE
2007,US-SRM,FALSE,FALSE
2008,US-SRM,FALSE,FALSE
2009,US-SRM,FALSE,FALSE
2010,US-SRM,FALSE,FALSE
2011,US-SRM,FALSE,FALSE
2012,US-SRM,FALSE,FALSE
2013,US-SRM,FALSE,FALSE
2014,US-SRM,FALSE,FALSE
2001,US-SRM,TRUE,TRUE
2002,US-SRM,TRUE,TRUE
2003,US-SRM,TRUE,TRUE
2001,US-Syv,FALSE,FALSE
2002,US-Syv,FALSE,FALSE
2003,US-Syv,FALSE,FALSE
2004,US-Syv,FALSE,FALSE
2005,US-Syv,FALSE,FALSE
2006,US-Syv,FALSE,FALSE
2007,US-Syv,FALSE,FALSE
2008,US-Syv,FALSE,FALSE
2009,US-Syv,TRUE,TRUE
2010,US-Syv,TRUE,TRUE
2011,US-Syv,TRUE,TRUE
2012,US-Syv,FALSE,FALSE
2013,US-Syv,FALSE,FALSE
2014,US-Syv,FALSE,FALSE
2001,US-Ton,FALSE,FALSE
2002,US-Ton,FALSE,FALSE
2003,US-Ton,FALSE,FALSE
2004,US-Ton,FALSE,FALSE
2005,US-Ton,FALSE,FALSE
2006,US-Ton,FALSE,FALSE
2007,US-Ton,FALSE,FALSE
2008,US-Ton,FALSE,FALSE
2009,US-Ton,FALSE,FALSE
2010,US-Ton,FALSE,FALSE
2011,US-Ton,FALSE,FALSE
2012,US-Ton,FALSE,FALSE
2013,US-Ton,FALSE,FALSE
2014,US-Ton,FALSE,FALSE
2012,US-Tw1,FALSE,FALSE
2013,US-Tw1,FALSE,FALSE
2014,US-Tw1,FALSE,FALSE
2001,US-Tw1,TRUE,TRUE
2002,US-Tw1,TRUE,TRUE
2003,US-Tw1,TRUE,TRUE
2004,US-Tw1,TRUE,TRUE
2005,US-Tw1,TRUE,TRUE
2006,US-Tw1,TRUE,TRUE
2007,US-Tw1,TRUE,TRUE
2008,US-Tw1,TRUE,TRUE
2009,US-Tw1,TRUE,TRUE
2010,US-Tw1,TRUE,TRUE
2011,US-Tw1,TRUE,TRUE
2012,US-Tw2,FALSE,FALSE
2013,US-Tw2,FALSE,FALSE
2001,US-Tw2,TRUE,TRUE
2002,US-Tw2,TRUE,TRUE
2003,US-Tw2,TRUE,TRUE
2004,US-Tw2,TRUE,TRUE
2005,US-Tw2,TRUE,TRUE
2006,US-Tw2,TRUE,TRUE
2007,US-Tw2,TRUE,TRUE
2008,US-Tw2,TRUE,TRUE
2009,US-Tw2,TRUE,TRUE
2010,US-Tw2,TRUE,TRUE
2011,US-Tw2,TRUE,TRUE
2014,US-Tw2,TRUE,TRUE
2013,US-Tw3,FALSE,FALSE
2014,US-Tw3,FALSE,FALSE
2001,US-Tw3,TRUE,TRUE
2002,US-Tw3,TRUE,TRUE
2003,US-Tw3,TRUE,TRUE
2004,US-Tw3,TRUE,TRUE
2005,US-Tw3,TRUE,TRUE
2006,US-Tw3,TRUE,TRUE
2007,US-Tw3,TRUE,TRUE
2008,US-Tw3,TRUE,TRUE
2009,US-Tw3,TRUE,TRUE
2010,US-Tw3,TRUE,TRUE
2011,US-Tw3,TRUE,TRUE
2012,US-Tw3,TRUE,TRUE
2013,US-Tw4,FALSE,FALSE
2014,US-Tw4,FALSE,FALSE
2001,US-Tw4,TRUE,TRUE
2002,US-Tw4,TRUE,TRUE
2003,US-Tw4,TRUE,TRUE
2004,US-Tw4,TRUE,TRUE
2005,US-Tw4,TRUE,TRUE
2006,US-Tw4,TRUE,TRUE
2007,US-Tw4,TRUE,TRUE
2008,US-Tw4,TRUE,TRUE
2009,US-Tw4,TRUE,TRUE
2010,US-Tw4,TRUE,TRUE
2011,US-Tw4,TRUE,TRUE
2012,US-Tw4,TRUE,TRUE
2009,US-Twt,FALSE,FALSE
2010,US-Twt,FALSE,FALSE
2011,US-Twt,FALSE,FALSE
2012,US-Twt,FALSE,FALSE
2013,US-Twt,FALSE,FALSE
2014,US-Twt,FALSE,FALSE
2001,US-Twt,TRUE,TRUE
2002,US-Twt,TRUE,TRUE
2003,US-Twt,TRUE,TRUE
2004,US-Twt,TRUE,TRUE
2005,US-Twt,TRUE,TRUE
2006,US-Twt,TRUE,TRUE
2007,US-Twt,TRUE,TRUE
2008,US-Twt,TRUE,TRUE
2001,US-UMB,FALSE,FALSE
2002,US-UMB,FALSE,FALSE
2003,US-UMB,FALSE,FALSE
2004,US-UMB,FALSE,FALSE
2005,US-UMB,FALSE,FALSE
2006,US-UMB,FALSE,FALSE
2007,US-UMB,FALSE,FALSE
2008,US-UMB,FALSE,FALSE
2009,US-UMB,FALSE,FALSE
2010,US-UMB,FALSE,FALSE
2011,US-UMB,FALSE,FALSE
2012,US-UMB,FALSE,FALSE
2013,US-UMB,FALSE,FALSE
2014,US-UMB,FALSE,FALSE
2007,US-UMd,FALSE,FALSE
2008,US-UMd,FALSE,FALSE
2009,US-UMd,FALSE,FALSE
2010,US-UMd,FALSE,FALSE
2011,US-UMd,FALSE,FALSE
2012,US-UMd,FALSE,FALSE
2013,US-UMd,FALSE,FALSE
2014,US-UMd,FALSE,FALSE
2001,US-UMd,TRUE,TRUE
2002,US-UMd,TRUE,TRUE
2003,US-UMd,TRUE,TRUE
2004,US-UMd,TRUE,TRUE
2005,US-UMd,TRUE,TRUE
2006,US-UMd,TRUE,TRUE
2001,US-Var,FALSE,FALSE
2002,US-Var,FALSE,FALSE
2003,US-Var,FALSE,FALSE
2004,US-Var,FALSE,FALSE
2005,US-Var,FALSE,FALSE
2006,US-Var,FALSE,FALSE
2007,US-Var,FALSE,FALSE
2008,US-Var,FALSE,FALSE
2009,US-Var,FALSE,FALSE
2010,US-Var,FALSE,FALSE
2011,US-Var,FALSE,FALSE
2012,US-Var,FALSE,FALSE
2013,US-Var,FALSE,FALSE
2014,US-Var,FALSE,FALSE
2001,US-WCr,FALSE,FALSE
2002,US-WCr,FALSE,FALSE
2003,US-WCr,FALSE,FALSE
2004,US-WCr,FALSE,FALSE
2005,US-WCr,FALSE,FALSE
2006,US-WCr,FALSE,FALSE
2007,US-WCr,TRUE,TRUE
2008,US-WCr,TRUE,TRUE
2009,US-WCr,TRUE,TRUE
2010,US-WCr,FALSE,FALSE
2011,US-WCr,FALSE,FALSE
2012,US-WCr,FALSE,FALSE
2013,US-WCr,FALSE,FALSE
2014,US-WCr,FALSE,FALSE
2007,US-Whs,FALSE,FALSE
2008,US-Whs,FALSE,FALSE
2009,US-Whs,FALSE,FALSE
2010,US-Whs,FALSE,FALSE
2011,US-Whs,FALSE,FALSE
2012,US-Whs,FALSE,FALSE
2013,US-Whs,FALSE,FALSE
2014,US-Whs,FALSE,FALSE
2001,US-Whs,TRUE,TRUE
2002,US-Whs,TRUE,TRUE
2003,US-Whs,TRUE,TRUE
2004,US-Whs,TRUE,TRUE
2005,US-Whs,TRUE,TRUE
2006,US-Whs,TRUE,TRUE
2002,US-Wi0,FALSE,FALSE
2001,US-Wi0,TRUE,TRUE
2003,US-Wi0,TRUE,TRUE
2004,US-Wi0,TRUE,TRUE
2005,US-Wi0,TRUE,TRUE
2006,US-Wi0,TRUE,TRUE
2007,US-Wi0,TRUE,TRUE
2008,US-Wi0,TRUE,TRUE
2009,US-Wi0,TRUE,TRUE
2010,US-Wi0,TRUE,TRUE
2011,US-Wi0,TRUE,TRUE
2012,US-Wi0,TRUE,TRUE
2013,US-Wi0,TRUE,TRUE
2014,US-Wi0,TRUE,TRUE
2002,US-Wi3,FALSE,FALSE
2003,US-Wi3,TRUE,TRUE
2004,US-Wi3,FALSE,FALSE
2001,US-Wi3,TRUE,TRUE
2005,US-Wi3,TRUE,TRUE
2006,US-Wi3,TRUE,TRUE
2007,US-Wi3,TRUE,TRUE
2008,US-Wi3,TRUE,TRUE
2009,US-Wi3,TRUE,TRUE
2010,US-Wi3,TRUE,TRUE
2011,US-Wi3,TRUE,TRUE
2012,US-Wi3,TRUE,TRUE
2013,US-Wi3,TRUE,TRUE
2014,US-Wi3,TRUE,TRUE
2002,US-Wi4,FALSE,FALSE
2003,US-Wi4,FALSE,FALSE
2004,US-Wi4,FALSE,FALSE
2005,US-Wi4,FALSE,FALSE
2001,US-Wi4,TRUE,TRUE
2006,US-Wi4,TRUE,TRUE
2007,US-Wi4,TRUE,TRUE
2008,US-Wi4,TRUE,TRUE
2009,US-Wi4,TRUE,TRUE
2010,US-Wi4,TRUE,TRUE
2011,US-Wi4,TRUE,TRUE
2012,US-Wi4,TRUE,TRUE
2013,US-Wi4,TRUE,TRUE
2014,US-Wi4,TRUE,TRUE
2002,US-Wi6,FALSE,FALSE
2003,US-Wi6,FALSE,FALSE
2001,US-Wi6,TRUE,TRUE
2004,US-Wi6,TRUE,TRUE
2005,US-Wi6,TRUE,TRUE
2006,US-Wi6,TRUE,TRUE
2007,US-Wi6,TRUE,TRUE
2008,US-Wi6,TRUE,TRUE
2009,US-Wi6,TRUE,TRUE
2010,US-Wi6,TRUE,TRUE
2011,US-Wi6,TRUE,TRUE
2012,US-Wi6,TRUE,TRUE
2013,US-Wi6,TRUE,TRUE
2014,US-Wi6,TRUE,TRUE
2004,US-Wi9,FALSE,FALSE
2005,US-Wi9,FALSE,FALSE
2001,US-Wi9,TRUE,TRUE
2002,US-Wi9,TRUE,TRUE
2003,US-Wi9,TRUE,TRUE
2006,US-Wi9,TRUE,TRUE
2007,US-Wi9,TRUE,TRUE
2008,US-Wi9,TRUE,TRUE
2009,US-Wi9,TRUE,TRUE
2010,US-Wi9,TRUE,TRUE
2011,US-Wi9,TRUE,TRUE
2012,US-Wi9,TRUE,TRUE
2013,US-Wi9,TRUE,TRUE
2014,US-Wi9,TRUE,TRUE
2004,US-Wkg,FALSE,FALSE
2005,US-Wkg,FALSE,FALSE
2006,US-Wkg,FALSE,FALSE
2007,US-Wkg,FALSE,FALSE
2008,US-Wkg,FALSE,FALSE
2009,US-Wkg,FALSE,FALSE
2010,US-Wkg,FALSE,FALSE
2011,US-Wkg,FALSE,FALSE
2012,US-Wkg,FALSE,FALSE
2013,US-Wkg,FALSE,FALSE
2014,US-Wkg,FALSE,FALSE
2001,US-Wkg,TRUE,TRUE
2002,US-Wkg,TRUE,TRUE
2003,US-Wkg,TRUE,TRUE
2001,ZA-Kru,FALSE,FALSE
2002,ZA-Kru,FALSE,FALSE
2003,ZA-Kru,FALSE,FALSE
2004,ZA-Kru,FALSE,FALSE
2005,ZA-Kru,FALSE,FALSE
2006,ZA-Kru,FALSE,FALSE
2007,ZA-Kru,FALSE,FALSE
2008,ZA-Kru,FALSE,FALSE
2009,ZA-Kru,FALSE,FALSE
2010,ZA-Kru,FALSE,FALSE
2011,ZA-Kru,TRUE,TRUE
2012,ZA-Kru,TRUE,TRUE
2013,ZA-Kru,TRUE,TRUE
2014,ZA-Kru,TRUE,TRUE
2001,ZM-Mon,TRUE,TRUE
2002,ZM-Mon,TRUE,TRUE
2003,ZM-Mon,TRUE,TRUE
2004,ZM-Mon,TRUE,TRUE
2005,ZM-Mon,TRUE,TRUE
2006,ZM-Mon,TRUE,TRUE
2007,ZM-Mon,FALSE,FALSE
2008,ZM-Mon,FALSE,FALSE
2009,ZM-Mon,FALSE,FALSE
2010,ZM-Mon,TRUE,TRUE
2011,ZM-Mon,TRUE,TRUE
2012,ZM-Mon,TRUE,TRUE
2013,ZM-Mon,TRUE,TRUE
2014,ZM-Mon,TRUE,TRUE
